Date,Open,High,Low,Close,Volume
2015-01-02 00:00:00-05:00,24.648443422251393,24.659508126434403,23.754469685489944,24.19260597229004,212818400
2015-01-05 00:00:00-05:00,23.962471339063004,24.042132473375155,23.325183952802462,23.511058807373047,257142000
2015-01-06 00:00:00-05:00,23.575231527032173,23.772171094232995,23.152584838795235,23.513273239135742,263188400
2015-01-07 00:00:00-05:00,23.721272554884127,23.942553088747736,23.610632287952324,23.84297752380371,160423600
2015-01-08 00:00:00-05:00,24.170479219019555,24.816618126764887,24.053199089993452,24.759084701538086,237458000
2015-01-09 00:00:00-05:00,24.931677361721775,25.06002047662429,24.387327450645735,24.785633087158203,214798000
2015-01-12 00:00:00-05:00,24.916189558785653,24.922827705158852,24.075324482860438,24.17490005493164,198603200
2015-01-13 00:00:00-05:00,24.65729859254091,24.960453637883806,24.099672194711648,24.389549255371094,268367600
2015-01-14 00:00:00-05:00,24.128432366224875,24.449288501616856,24.008940661725582,24.296606063842773,195826400
2015-01-15 00:00:00-05:00,24.34086016459694,24.35413645717828,23.60178394813456,23.637187957763672,240056000
2015-01-16 00:00:00-05:00,23.68365559685356,23.805360567456344,23.27871180910595,23.453523635864258,314053200
2015-01-20 00:00:00-05:00,23.862891151189643,24.112939226436037,23.566376056234642,24.057619094848633,199599600
2015-01-21 00:00:00-05:00,24.108511847532693,24.575413877251222,23.958041027221938,24.241281509399414,194303600
2015-01-22 00:00:00-05:00,24.39839463484841,24.88742446217416,24.278902931738003,24.87193489074707,215185600
2015-01-23 00:00:00-05:00,24.849813311808354,25.170669522737423,24.679426295780132,25.00028419494629,185859200
2015-01-26 00:00:00-05:00,25.168448176577243,25.305642719304203,24.960445616732773,25.02682876586914,222460000
2015-01-27 00:00:00-05:00,24.87636428093233,24.88964226473819,24.12622319302464,24.150564193725586,382274800
2015-01-28 00:00:00-05:00,26.02923430226332,26.13766300317951,25.5158634185791,25.5158634185791,585908400
2015-01-29 00:00:00-05:00,25.73935461660109,26.374430430207553,25.571180918654623,26.310258865356445,337745600
2015-01-30 00:00:00-05:00,26.199623217911753,26.553671838105764,25.85663761470809,25.925235748291016,334982000
2015-02-02 00:00:00-05:00,26.122171630877833,26.370004785647765,25.68624864341562,26.250513076782227,250956400
2015-02-03 00:00:00-05:00,26.2217437998551,26.352298507154856,26.02480425574212,26.25493621826172,207662800
2015-02-04 00:00:00-05:00,26.221747684954753,26.666522105734966,26.179703836194584,26.4563045501709,280598800
2015-02-05 00:00:00-05:00,26.662908809726655,26.709562617574388,26.491851062250362,26.645137786865234,168984800
2015-02-06 00:00:00-05:00,26.66291187455073,26.714008020262256,26.314130299171573,26.420764923095703,174826400
2015-02-09 00:00:00-05:00,26.336342353208384,26.622919358205184,26.30968327825307,26.596261978149414,155559200
2015-02-10 00:00:00-05:00,26.696235296315404,27.136100789446896,26.694014977515135,27.107219696044922,248034000
2015-02-11 00:00:00-05:00,27.273835515569395,27.75146677384439,27.213854704018523,27.74258041381836,294247200
2015-02-12 00:00:00-05:00,28.004714549879026,28.320174313577628,27.895859634991865,28.093576431274414,297898000
2015-02-13 00:00:00-05:00,28.27574571104656,28.27574571104656,27.913635495070917,28.23131561279297,217088800
2015-02-17 00:00:00-05:00,28.32239314213835,28.63118854509799,28.195765518652458,28.397926330566406,252609600
2015-02-18 00:00:00-05:00,28.3534935268434,28.608970777658705,28.313505768499276,28.59564208984375,179566800
2015-02-19 00:00:00-05:00,28.542326041783866,28.664511338711634,28.50900431980301,28.535661697387695,149449600
2015-02-20 00:00:00-05:00,28.57342633827766,28.768922805786133,28.44680040985868,28.768922805786133,195793600
2015-02-23 00:00:00-05:00,28.884443602656212,29.54646110534668,28.804468083621224,29.54646110534668,283896400
2015-02-24 00:00:00-05:00,29.533131393210645,29.679753737991085,29.13991815577165,29.362071990966797,276912400
2015-02-25 00:00:00-05:00,29.22656760722152,29.235455661833292,28.469021967049812,28.6112003326416,298846800
2015-02-26 00:00:00-05:00,28.611191004310385,29.07327138927791,28.126897269655064,28.973302841186523,365150000
2015-02-27 00:00:00-05:00,28.88000304082967,29.00663237357377,28.4890134507584,28.537887573242188,248059200
2015-03-02 00:00:00-05:00,28.713384708226034,28.94220289932046,28.502339231657224,28.677839279174805,192386800
2015-03-03 00:00:00-05:00,28.648957593829557,28.773363188382582,28.45568146890777,28.737817764282227,151265200
2015-03-04 00:00:00-05:00,28.680063529790168,28.78225240299768,28.506783797135036,28.555654525756836,126665200
2015-03-05 00:00:00-05:00,28.56454146409485,28.602307210529034,27.93806769628933,28.082468032836914,226068400
2015-03-06 00:00:00-05:00,28.524551645020985,28.74004114058892,28.049144258829877,28.124675750732422,291368400
2015-03-09 00:00:00-04:00,28.426804519875816,28.78447402467503,27.782558059471576,28.244638442993164,354114000
2015-03-10 00:00:00-04:00,28.08246823773491,28.262412309033678,27.502646569217422,27.660375595092773,275426400
2015-03-11 00:00:00-04:00,27.713700388416324,27.718142720878983,27.127214199155254,27.15609359741211,275756000
2015-03-12 00:00:00-04:00,27.171637920724486,27.74701729622156,27.020573228981956,27.64704704284668,193450800
2015-03-13 00:00:00-04:00,27.635941344171023,27.858095210772237,27.231621374752795,27.455995559692383,207309200
2015-03-16 00:00:00-04:00,27.520418841684812,27.75812339782715,27.296044669322946,27.75812339782715,143497200
2015-03-17 00:00:00-04:00,27.969175876729444,28.284634002627094,27.91363740266719,28.222431182861328,204092400
2015-03-18 00:00:00-04:00,28.213539383994842,28.69339252092788,28.073583066505737,28.54010581970215,261083600
2015-03-19 00:00:00-04:00,28.602309713176652,28.71338664410161,28.30240233865916,28.324617385864258,183238000
2015-03-20 00:00:00-04:00,28.491236645908533,28.524558373785165,27.80478193325487,27.969175338745117,274780400
2015-03-23 00:00:00-04:00,28.240201742859963,28.40237312558268,28.106908059378792,28.260194778442383,150838800
2015-03-24 00:00:00-04:00,28.264641425158008,28.444583846778304,28.11579702412687,28.144678115844727,131369200
2015-03-25 00:00:00-04:00,28.111344889769256,28.173547688857134,27.409337997436523,27.409337997436523,206620800
2015-03-26 00:00:00-04:00,27.27161409154305,27.742579289537534,27.236068652879418,27.600400924682617,190291600
2015-03-27 00:00:00-04:00,27.67371145080698,27.702590847847198,27.304936855548284,27.380468368530273,158184800
2015-03-30 00:00:00-04:00,27.55819046558957,28.080251763054054,27.54708209323727,28.07358741760254,188398800
2015-03-31 00:00:00-04:00,28.011383219191703,28.10024511430692,27.627057938050438,27.642608642578125,168362400
2015-04-01 00:00:00-04:00,27.729250645222354,27.795897495381485,27.347145653429575,27.602622985839844,162485600
2015-04-02 00:00:00-04:00,27.775901475674658,27.89364276992168,27.58929301571328,27.8403263092041,128880400
2015-04-06 00:00:00-04:00,27.651491582989873,28.32683952951182,27.62039017777961,28.29129409790039,148776000
2015-04-07 00:00:00-04:00,28.355718657681365,28.46235156172454,27.986944130091178,27.993608474731445,140049200
2015-04-08 00:00:00-04:00,27.958063414057815,28.080248717080543,27.762568624120924,27.902524948120117,149316800
2015-04-09 00:00:00-04:00,27.95806987387628,28.120242977640842,27.693707867462628,28.115798950195312,129936000
2015-04-10 00:00:00-04:00,27.98027863651839,28.260192981167595,27.82699362210292,28.235755920410156,160752000
2015-04-13 00:00:00-04:00,28.51788508502756,28.562318561327945,28.12689557809171,28.180212020874023,145460400
2015-04-14 00:00:00-04:00,28.21354768407711,28.277972523909053,27.971400726167293,28.058040618896484,102098400
2015-04-15 00:00:00-04:00,28.08246747948214,28.242416819151526,27.99360560528852,28.164663314819336,115881600
2015-04-16 00:00:00-04:00,28.053596612573845,28.23576275830874,28.015830853129998,28.029159545898438,113476000
2015-04-17 00:00:00-04:00,27.891417382065,28.022487343944757,27.64926879695406,27.713693618774414,207828000
2015-04-20 00:00:00-04:00,27.895867717545602,28.46235919764015,27.80700581040335,28.346839904785156,188217200
2015-04-21 00:00:00-04:00,28.457909922579294,28.480123273997965,28.1402281501234,28.193546295166016,129740400
2015-04-22 00:00:00-04:00,28.211322683269117,28.628971396175867,28.06247998022732,28.57343292236328,150618000
2015-04-23 00:00:00-04:00,28.50234240405872,28.973307527112027,28.46679697105117,28.806692123413086,183083600
2015-04-24 00:00:00-04:00,28.988861142932812,29.019962550671096,28.70894508348904,28.94220733642578,178103600
2015-04-27 00:00:00-04:00,29.393180344746973,29.575348159798903,29.135481021414673,29.468711853027344,387816800
2015-04-28 00:00:00-04:00,29.8708139130615,29.888583241459457,28.784481513019248,29.004411697387695,475696000
2015-04-29 00:00:00-04:00,28.915548055956197,29.233226457714377,28.502341728977694,28.57787322998047,253544400
2015-04-30 00:00:00-04:00,28.577873518344195,28.577873518344195,27.675929354283394,27.80255699157715,332781600
2015-05-01 00:00:00-04:00,28.013611115028205,28.908892904800165,27.835888982378957,28.64674949645996,234050400
2015-05-04 00:00:00-04:00,28.76892171399243,29.006627945219055,28.49344973748465,28.591197967529297,203953200
2015-05-05 00:00:00-04:00,28.46902006448425,28.535666910420105,27.942516422209852,27.94696044921875,197085600
2015-05-06 00:00:00-04:00,28.11578938435379,28.157999156225962,27.404897775923576,27.771451950073242,288564000
2015-05-07 00:00:00-04:00,27.833918356403263,28.126156702399538,27.66660698885533,27.94322967529297,175763600
2015-05-08 00:00:00-04:00,28.26000621009435,28.469703674316406,28.132849635444217,28.469703674316406,222201600
2015-05-11 00:00:00-04:00,28.418386835617703,28.456310328431748,28.025762439836637,28.179689407348633,168143200
2015-05-12 00:00:00-04:00,28.01907261211921,28.304617032312276,27.845069087437746,28.07930564880371,192640000
2015-05-13 00:00:00-04:00,28.141773617874353,28.37377892879897,28.07931097685221,28.11054229736328,138776800
2015-05-14 00:00:00-04:00,28.422858655086724,28.766403198242188,28.367088193902088,28.766403198242188,180814000
2015-05-15 00:00:00-04:00,28.793173016301076,28.886866975073346,28.601322509112556,28.726247787475586,152832000
2015-05-18 00:00:00-04:00,28.63925025612226,29.161260991208557,28.634787665816834,29.043027877807617,203531600
2015-05-19 00:00:00-04:00,29.15457556503415,29.196961672862123,28.92033887711524,29.016265869140625,178532800
2015-05-20 00:00:00-04:00,29.000638461722566,29.219257706248666,28.853403634120667,29.014022827148438,145819600
2015-05-21 00:00:00-04:00,29.016256097058246,29.36426321724016,28.962715230892304,29.31072235107422,158921600
2015-05-22 00:00:00-04:00,29.357562918550684,29.663183860690328,29.31294384043469,29.567256927490234,182384000
2015-05-26 00:00:00-04:00,29.580649279786215,29.649804096047635,28.804322132440436,28.915863037109375,282790400
2015-05-27 00:00:00-04:00,29.076482502617996,29.504799172350534,29.011790275005385,29.455720901489258,183332800
2015-05-28 00:00:00-04:00,29.415573015518973,29.435649565163274,29.246032034146715,29.39772605895996,122933200
2015-05-29 00:00:00-04:00,29.275025953274035,29.32410422543376,28.978326727566014,29.063098907470703,203538000
2015-06-01 00:00:00-04:00,29.063099423898514,29.310720381846835,29.011791558077427,29.1210994720459,128451200
2015-06-02 00:00:00-04:00,28.96940684010392,29.147872986498268,28.848944148563945,28.991716384887695,134670400
2015-06-03 00:00:00-04:00,29.147876617708278,29.210339266134035,28.97833222573062,29.02741050720215,123934000
2015-06-04 00:00:00-04:00,28.906938831429102,29.130020622006,28.757474440217543,28.857860565185547,153800400
2015-06-05 00:00:00-04:00,28.889095240348773,28.93148133012239,28.634782105665426,28.699474334716797,142507200
2015-06-08 00:00:00-04:00,28.755245136506716,28.824403359791514,28.293467540769548,28.509857177734375,210699200
2015-06-09 00:00:00-04:00,28.26446398862062,28.57231796852488,28.02353693293006,28.42508316040039,224301600
2015-06-10 00:00:00-04:00,28.536623891216717,28.853399643667018,28.521008233053088,28.750783920288086,156349200
2015-06-11 00:00:00-04:00,28.817707926451256,29.04078974685961,28.661551332957096,28.68609046936035,141563600
2015-06-12 00:00:00-04:00,28.59685667699997,28.62808799304955,28.355927922921154,28.369312286376953,147544800
2015-06-15 00:00:00-04:00,28.130616300977774,28.384929431838998,28.04361452999784,28.31354331970215,175955600
2015-06-16 00:00:00-04:00,28.33808770422971,28.52101475683673,28.1908545652921,28.46524429321289,125976400
2015-06-17 00:00:00-04:00,28.49200938252072,28.527701587513736,28.273388457264044,28.3983154296875,131672400
2015-06-18 00:00:00-04:00,28.382702408783295,28.62362949532071,28.380471113895364,28.5277042388916,141628800
2015-06-19 00:00:00-04:00,28.489776005158664,28.514315138913368,28.197539396598714,28.242155075073242,218867600
2015-06-22 00:00:00-04:00,28.440699738911512,28.567856303688377,28.349237081009143,28.467470169067383,136157200
2015-06-23 00:00:00-04:00,28.4384672789935,28.46746729892082,28.304616843688365,28.33807945251465,121075600
2015-06-24 00:00:00-04:00,28.378237939977645,28.956020735183053,28.358161393253585,28.579011917114258,221123600
2015-06-25 00:00:00-04:00,28.746323541106253,28.822170543166646,28.44293212890625,28.44293212890625,127752400
2015-06-26 00:00:00-04:00,28.480858206595123,28.552244327572282,28.22208415629518,28.275623321533203,176267200
2015-06-29 00:00:00-04:00,27.98784642073102,28.213159547462322,27.769227178618095,27.780380249023438,196645600
2015-06-30 00:00:00-04:00,28.012386717101517,28.135082410490618,27.853998814167916,27.981155395507812,177482800
2015-07-01 00:00:00-04:00,28.309080294764073,28.318003770854787,28.106075043153183,28.242155075073242,120955200
2015-07-02 00:00:00-04:00,28.20423347278873,28.26223522028511,28.05699866037003,28.206464767456055,108844000
2015-07-06 00:00:00-04:00,27.87184450329126,28.15962026945185,27.851766253476693,28.10831069946289,112241600
2015-07-07 00:00:00-04:00,28.083767824846724,28.141769569729256,27.610833793456596,28.039152145385742,187787200
2015-07-08 00:00:00-04:00,27.769228694850813,27.80492090486777,27.336449372781665,27.343141555786133,243046400
2015-07-09 00:00:00-04:00,27.628675881494008,27.675522847273484,26.59580793621404,26.78542709350586,314380000
2015-07-10 00:00:00-04:00,27.20258951731119,27.628674780698,27.039739088679568,27.50151824951172,245418000
2015-07-13 00:00:00-04:00,27.89191663850359,28.054767098202955,27.733528767825597,28.032459259033203,165762000
2015-07-14 00:00:00-04:00,28.117232240357136,28.19084964797463,27.89415042477383,28.02130699157715,127072400
2015-07-15 00:00:00-04:00,28.045845320408258,28.36485237559187,28.014614003283636,28.291234970092773,134596800
2015-07-16 00:00:00-04:00,28.496467364160317,28.681627360224038,28.40946560226103,28.66823959350586,144889600
2015-07-17 00:00:00-04:00,28.79540035780856,28.915863037109375,28.623626411510077,28.915863037109375,184658800
2015-07-20 00:00:00-04:00,29.21702434748297,29.66318795861783,29.15679130687146,29.46241569519043,235600800
2015-07-21 00:00:00-04:00,29.636420949603064,29.652034906839845,29.072024221109125,29.16794776916504,307025600
2015-07-22 00:00:00-04:00,27.21374832042403,27.996765915409135,27.21374832042403,27.934303283691406,461802400
2015-07-23 00:00:00-04:00,28.152928766451414,28.351471476632568,27.898615593815336,27.92092514038086,203998000
2015-07-24 00:00:00-04:00,27.956606712436464,28.050300645230436,27.639831014716577,27.773679733276367,168649200
2015-07-27 00:00:00-04:00,27.459142467333766,27.575145975546818,27.242754515358953,27.38775634765625,177822000
2015-07-28 00:00:00-04:00,27.523828506469727,27.642063275677813,27.338671928609408,27.523828506469727,134472400
2015-07-29 00:00:00-04:00,27.472524426119968,27.550602716905665,27.276211349882686,27.436830520629883,148046800
2015-07-30 00:00:00-04:00,27.287366270848374,27.343136721998896,27.15128623388277,27.298521041870117,134513200
2015-07-31 00:00:00-04:00,27.34983124685656,27.3587547240426,26.972824122126944,27.059825897216797,171540000
2015-08-03 00:00:00-04:00,27.104447771371706,27.343145309180322,26.216581161347918,26.421817779541016,279904000
2015-08-04 00:00:00-04:00,26.19426183991776,26.256724465144575,25.26401123854942,25.574094772338867,496554400
2015-08-05 00:00:00-04:00,25.197093184361943,26.19873187286403,25.00747396047822,25.74364471435547,397250400
2015-08-06 00:00:00-04:00,25.98790328524178,26.10667156042228,25.57333416463095,25.799665451049805,211612000
2015-08-07 00:00:00-04:00,25.676409554317274,26.0506420229467,25.658481820450728,25.887054443359375,154681600
2015-08-10 00:00:00-04:00,26.113386881257618,26.88874340445432,26.113386881257618,26.82823944091797,219806400
2015-08-11 00:00:00-04:00,26.400227308211978,26.48314180457779,25.396298032277432,25.432151794433594,388331200
2015-08-12 00:00:00-04:00,25.217029844221,25.864654492306865,24.567163801213194,25.824317932128906,404870000
2015-08-13 00:00:00-04:00,26.00358526058621,26.08425836030425,25.66744791498869,25.80414390563965,194143200
2015-08-14 00:00:00-04:00,25.61815048241141,26.06409226748677,25.548682636658828,25.985660552978516,171718000
2015-08-17 00:00:00-04:00,26.003583047125638,26.36437057079755,25.88257340784908,26.254566192626953,163538800
2015-08-18 00:00:00-04:00,26.09098022423391,26.317313177027447,25.99686217998892,26.106666564941406,138242800
2015-08-19 00:00:00-04:00,26.017030824945476,26.1111488736232,25.698821207216227,25.77277183532715,193146000
2015-08-20 00:00:00-04:00,25.564370432635133,25.62487441307107,25.015344980504512,25.243919372558594,274006400
2015-08-21 00:00:00-04:00,24.746433662141552,25.075848563806566,23.675276165355385,23.699926376342773,513102000
2015-08-24 00:00:00-04:00,21.25956678468572,24.381162265078455,20.616423395872122,23.108322143554688,648825200
2015-08-25 00:00:00-04:00,24.898820765395907,24.898820765395907,23.19348335039418,23.247264862060547,414406400
2015-08-26 00:00:00-04:00,23.997966972895647,24.625424093615674,23.540821644856987,24.58060646057129,387098400
2015-08-27 00:00:00-04:00,25.149802236992745,25.37613353297059,24.654558272511903,25.304424285888672,338464400
2015-08-28 00:00:00-04:00,25.13635542024998,25.391819718233755,24.99517832179051,25.387338638305664,212657600
2015-08-31 00:00:00-04:00,25.104982321810155,25.665211336256274,25.098259847186128,25.268569946289062,224917200
2015-09-01 00:00:00-04:00,24.683691397569483,25.071368928809964,24.058475595083692,24.139148712158203,307383600
2015-09-02 00:00:00-04:00,24.701618210100655,25.174449920654297,24.455116078463785,25.174449920654297,247555200
2015-09-03 00:00:00-04:00,25.208063358035563,25.273050126560126,24.65903962729395,24.732990264892578,212935600
2015-09-04 00:00:00-04:00,24.41925998608582,24.75091457032204,24.316178063434936,24.486486434936523,199985200
2015-09-08 00:00:00-04:00,25.0422357704758,25.223749415539015,24.721784720864484,25.167726516723633,219374400
2015-09-09 00:00:00-04:00,25.492657928736982,25.55092050698643,24.59853131779331,24.683687210083008,340043200
2015-09-10 00:00:00-04:00,24.71057708457534,25.385093200258346,24.627664296486913,25.225988388061523,251571200
2015-09-11 00:00:00-04:00,25.051195169193704,25.593496322631836,25.044472696084757,25.593496322631836,199662000
2015-09-14 00:00:00-04:00,26.124599351683436,26.194067201152144,25.73916152298625,25.840002059936523,233453600
2015-09-15 00:00:00-04:00,25.978939420966142,26.11339403988128,25.64056062411118,26.057371139526367,173364800
2015-09-16 00:00:00-04:00,26.050644696433867,26.11563145610736,25.869131074034687,26.08650016784668,148694000
2015-09-17 00:00:00-04:00,25.918433543611794,26.104428259816004,25.483695321581934,25.528512954711914,256450400
2015-09-18 00:00:00-04:00,25.1453179681706,25.61367029631348,25.069127645614433,25.42319107055664,297141200
2015-09-21 00:00:00-04:00,25.472485711608034,25.85344236693549,25.470246027111912,25.81758689880371,200888000
2015-09-22 00:00:00-04:00,25.407504515349082,25.58677847585552,25.214785606193775,25.4119873046875,201384800
2015-09-23 00:00:00-04:00,25.46353265309884,25.707793431800376,25.389583710632824,25.61815643310547,143026800
2015-09-24 00:00:00-04:00,25.378372329214343,25.88257840198019,25.18117234735185,25.770532608032227,200878000
2015-09-25 00:00:00-04:00,26.093222682332716,26.149245574241068,25.5509197893008,25.705543518066406,224607600
2015-09-28 00:00:00-04:00,25.51282568676956,25.674171895678256,25.196857452392578,25.196857452392578,208436000
2015-09-29 00:00:00-04:00,25.28425655693261,25.436638918856183,24.17052099091989,24.439430236816406,293461600
2015-09-30 00:00:00-04:00,24.688173132561975,24.995179264556597,24.365482365385784,24.71730613708496,265892000
2015-10-01 00:00:00-04:00,24.441668701677433,24.564919755253936,24.047267039915706,24.55595588684082,255716400
2015-10-02 00:00:00-04:00,24.204127910235147,24.876402535682534,24.101046006161816,24.7352237701416,232079200
2015-10-05 00:00:00-04:00,24.623180682290823,24.95707834695101,24.44166706073994,24.82486343383789,208258800
2015-10-06 00:00:00-04:00,24.791251685464392,25.039993484121485,24.598532783627668,24.943634033203125,192787200
2015-10-07 00:00:00-04:00,25.03999113226044,25.04671360569818,24.5178590822946,24.82486343383789,187062400
2015-10-08 00:00:00-04:00,24.69265437816253,24.69265437816253,24.248952250228,24.53803062438965,247918400
2015-10-09 00:00:00-04:00,24.65007587545633,25.161004447325563,24.535788681322458,25.125150680541992,211064400
2015-10-12 00:00:00-04:00,25.261845807869374,25.266326887429173,24.972767450292462,25.008621215820312,121868800
2015-10-13 00:00:00-04:00,24.833829844298798,25.19909851917271,24.802457158588552,25.051198959350586,132197200
2015-10-14 00:00:00-04:00,24.939151420302792,24.99069152478597,24.551472245882195,24.697132110595703,177849600
2015-10-15 00:00:00-04:00,24.858479750742337,25.12066649653806,24.759878905615825,25.066884994506836,150694000
2015-10-16 00:00:00-04:00,25.048956409505504,25.098256830400224,24.76884193595193,24.883129119873047,156930400
2015-10-19 00:00:00-04:00,24.829346920645275,25.04223323067941,24.67472318849822,25.037752151489258,119036800
2015-10-20 00:00:00-04:00,24.950353377876468,25.584532900665106,24.833826519366045,25.494895935058594,195871200
2015-10-21 00:00:00-04:00,25.546443938336843,25.90050909798165,25.479215770415255,25.49266242980957,167180800
2015-10-22 00:00:00-04:00,25.62039304175565,25.882579803466797,25.568851221488128,25.882579803466797,166616400
2015-10-23 00:00:00-04:00,26.151483101357233,26.718436156827863,26.068570322370572,26.68482208251953,237467600
2015-10-26 00:00:00-04:00,26.46073580242905,26.47193935630753,25.752605545474786,25.83327865600586,265335200
2015-10-27 00:00:00-04:00,25.8601705077346,26.115634790275454,25.54420053688064,25.669692993164062,279537600
2015-10-28 00:00:00-04:00,26.203030131893545,26.73412782469506,26.00806982979809,26.72740364074707,342205600
2015-10-29 00:00:00-04:00,26.599668113491663,27.04561155934761,26.503308672038912,27.009756088256836,204909200
2015-10-30 00:00:00-04:00,27.1128380624234,27.164379874808386,26.76773684599318,26.778942108154297,197461200
2015-11-02 00:00:00-05:00,27.070258504899645,27.195749219223142,26.80358902727946,27.155412673950195,128813200
2015-11-03 00:00:00-05:00,27.068026604130726,27.67307328574472,27.047857469579135,27.466909408569336,182076000
2015-11-04 00:00:00-05:00,27.592397154535842,27.747020900378182,27.254020081010584,27.339174270629883,179544400
2015-11-05 00:00:00-05:00,27.422439708246415,27.61148327358103,27.046605283344793,27.21314239501953,158210800
2015-11-06 00:00:00-05:00,27.255905022265036,27.41343990989622,27.145630600923205,27.244651794433594,132169200
2015-11-09 00:00:00-05:00,27.22214237878253,27.413435200040848,27.01734706004752,27.13437271118164,135485600
2015-11-10 00:00:00-05:00,26.308436319436474,26.57174531789479,26.11939277287584,26.279178619384766,236511600
2015-11-11 00:00:00-05:00,26.18916708098192,26.425469434694342,25.928107280307252,26.130653381347656,180872000
2015-11-12 00:00:00-05:00,26.164402911340865,26.290430792668833,26.027121804750998,26.042875289916992,130102400
2015-11-13 00:00:00-05:00,25.925854906970567,26.00912433211974,25.266455906955873,25.282209396362305,183249600
2015-11-16 00:00:00-05:00,25.06615385633774,25.70979918849896,24.980635182841198,25.69629669189453,152426800
2015-11-17 00:00:00-05:00,25.862834824273246,25.892092524100093,25.502753925259924,25.586023330688477,110467600
2015-11-18 00:00:00-05:00,26.051884134608777,26.44122110260724,25.99337043900729,26.396211624145508,186698800
2015-11-19 00:00:00-05:00,26.47497528260345,26.949832595551136,26.27693120190066,26.73153305053711,173183200
2015-11-20 00:00:00-05:00,26.826057691815596,26.988094560769092,26.747290246352513,26.84856414794922,137148400
2015-11-23 00:00:00-05:00,26.84181524403015,26.945340150311385,26.40746701672632,26.499738693237305,129930000
2015-11-24 00:00:00-05:00,26.4052139204153,26.85981583506874,26.35795345282768,26.75404167175293,171212800
2015-11-25 00:00:00-05:00,26.828306064639612,26.83280804222794,26.537990322241956,26.562746047973633,85553200
2015-11-27 00:00:00-05:00,26.62126215040447,26.64826886737804,26.465976532559118,26.51323699951172,52185600
2015-11-30 00:00:00-05:00,26.553741542717557,26.873314961150975,26.499729835278604,26.62350845336914,156721200
2015-12-01 00:00:00-05:00,26.72478363198333,26.738286131114823,26.299437739327033,26.407461166381836,139409600
2015-12-02 00:00:00-05:00,26.407464317353075,26.580754422891076,26.12390149974809,26.16891098022461,133546400
2015-12-03 00:00:00-05:00,26.229671779586834,26.28368349155291,25.70530299645381,25.925851821899414,166278000
2015-12-04 00:00:00-05:00,25.946106522740475,26.837307470435537,25.905597310708824,26.787796020507812,231108000
2015-12-07 00:00:00-05:00,26.776549449375835,26.97459356861134,26.513238664106158,26.6190128326416,128336800
2015-12-08 00:00:00-05:00,26.44797188091549,26.691027181077096,26.29943923103996,26.607759475708008,137238000
2015-12-09 00:00:00-05:00,26.474972280485513,26.486225505715844,25.89884286231549,26.020370483398438,185445600
2015-12-10 00:00:00-05:00,26.114893795785594,26.317439849550986,25.99561715217966,26.144149780273438,116850800
2015-12-11 00:00:00-05:00,25.92360313918105,25.968612614008652,25.39698335529081,25.471250534057617,187544800
2015-12-14 00:00:00-05:00,25.246191444588526,25.35871681174804,24.708320326926117,25.31370735168457,257274800
2015-12-15 00:00:00-05:00,25.192188508475535,25.385732344645458,24.834356823649205,24.865863800048828,213292400
2015-12-16 00:00:00-05:00,24.99639645318205,25.203442811607765,24.4855318075227,25.057159423828125,224954000
2015-12-17 00:00:00-05:00,25.210188184389988,25.261950620429094,24.52603530883789,24.52603530883789,179091200
2015-12-18 00:00:00-05:00,24.51028622435749,24.647565648243024,23.812627291848816,23.862138748168945,385813200
2015-12-21 00:00:00-05:00,24.143451819748623,24.163707286494162,23.758615121598442,24.154705047607422,190362400
2015-12-22 00:00:00-05:00,24.170458468498886,24.24247466238895,23.956659158792924,24.132200241088867,131157600
2015-12-23 00:00:00-05:00,24.141195357398864,24.496775986299763,24.125441872169134,24.442764282226562,130629600
2015-12-24 00:00:00-05:00,24.5305363288565,24.5305363288565,24.294232310447736,24.312236785888672,54281600
2015-12-28 00:00:00-05:00,24.213218732665815,24.235725189970832,23.895897945284286,24.03993034362793,106816800
2015-12-29 00:00:00-05:00,24.071436621428216,24.62731244741854,24.048931881781158,24.472026824951172,123724800
2015-12-30 00:00:00-05:00,24.43601889537635,24.463023895390158,24.12094739820358,24.152454376220703,100855200
2015-12-31 00:00:00-05:00,24.082689347954826,24.08718960898984,23.58982749004638,23.68885040283203,163649200
2016-01-04 00:00:00-05:00,23.09246388832103,23.71360460836271,22.9551827560473,23.709102630615234,270597600
2016-01-05 00:00:00-05:00,23.799121980805065,23.821626717292084,23.04745313673035,23.114967346191406,223164000
2016-01-06 00:00:00-05:00,22.631105943121526,23.03844902348601,22.475822072099724,22.662612915039062,273829600
2016-01-07 00:00:00-05:00,22.20801411942277,22.534337108884632,21.70164979418796,21.70615005493164,324377600
2016-01-08 00:00:00-05:00,22.178756413862704,22.304784308939336,21.775915286955563,21.820924758911133,283192000
2016-01-11 00:00:00-05:00,22.273278273971293,22.293532022104593,21.906444365766593,22.17425537109375,198957600
2016-01-12 00:00:00-05:00,22.628861278962535,22.66036825729513,22.244022854897278,22.49608039855957,196616800
2016-01-13 00:00:00-05:00,22.577100767646975,22.77289562148932,21.89744796924307,21.917701721191406,249758400
2016-01-14 00:00:00-05:00,22.04597785408347,22.613106875133813,21.546364765015802,22.397056579589844,252680400
2016-01-15 00:00:00-05:00,21.649886945952915,21.989714145273158,21.46084509223923,21.85918426513672,319335600
2016-01-19 00:00:00-05:00,22.14725505028168,22.201266773710493,21.492356250325585,21.753416061401367,212350800
2016-01-20 00:00:00-05:00,21.4023363803458,22.097744428563974,21.02425086796548,21.782672882080078,289337600
2016-01-21 00:00:00-05:00,21.84343310144887,22.027974714138363,21.36632643874029,21.672395706176758,208646000
2016-01-22 00:00:00-05:00,22.196759780258493,22.83365395617753,22.138247808514276,22.82465171813965,263202000
2016-01-25 00:00:00-05:00,22.84715944338687,22.84941043244113,22.327292576954793,22.37905502319336,207178000
2016-01-26 00:00:00-05:00,22.48933372452746,22.70313136628724,22.070738964932982,22.502836227416992,300308000
2016-01-27 00:00:00-05:00,21.6138779941135,21.74665713553977,21.006239833260953,21.02424430847168,533478800
2016-01-28 00:00:00-05:00,21.107513640999823,21.271799754940478,20.792442193975056,21.17502784729004,222715200
2016-01-29 00:00:00-05:00,21.33256788400009,21.90644645690918,21.233544971670028,21.90644645690918,257666000
2016-02-01 00:00:00-05:00,21.710647133918478,21.76465883566267,21.469842888932693,21.701644897460938,163774000
2016-02-02 00:00:00-05:00,21.474344873566967,21.61387697436504,21.217787123422998,21.262798309326172,149428800
2016-02-03 00:00:00-05:00,21.37983263950845,21.793925415944344,21.172786251290503,21.683650970458984,183857200
2016-02-04 00:00:00-05:00,21.690431234443935,22.023051307354372,21.53882942849587,21.857872009277344,185886800
2016-02-05 00:00:00-05:00,21.839773653124055,21.93028280241884,21.19942517660604,21.274093627929688,185672400
2016-02-08 00:00:00-05:00,21.07271348257014,21.654232529241604,21.052349828551243,21.498106002807617,216085600
2016-02-09 00:00:00-05:00,21.335182559249382,21.70853162527818,21.253724518431536,21.493572235107422,177324800
2016-02-10 00:00:00-05:00,21.70400705661494,21.8013040732542,21.292192138208378,21.330657958984375,169374400
2016-02-11 00:00:00-05:00,21.22205032873997,21.432483350272403,20.950522902652605,21.201684951782227,200298800
2016-02-12 00:00:00-05:00,21.312555076943397,21.382698827553845,21.045554112477838,21.26729965209961,161405600
2016-02-16 00:00:00-05:00,21.500361176798915,21.914439283638654,21.407590569602025,21.86692237854004,196231600
2016-02-17 00:00:00-05:00,21.873707861072806,22.222166853211807,21.756047212737066,22.20180320739746,179452800
2016-02-18 00:00:00-05:00,22.36472139871926,22.37603568810699,21.74247346139411,21.780941009521484,156084000
2016-02-19 00:00:00-05:00,21.722108124661634,21.894075297350927,21.676854423262476,21.731159210205078,141496800
2016-02-22 00:00:00-05:00,21.792255347699847,21.92575672281318,21.704009407505577,21.92123031616211,137123200
2016-02-23 00:00:00-05:00,21.81261643388285,21.83524328373193,21.39401366956195,21.425691604614258,127770400
2016-02-24 00:00:00-05:00,21.265036521275654,21.808087766610743,21.115696220386038,21.744731903076172,145022800
2016-02-25 00:00:00-05:00,21.733430082201536,21.89408302307129,21.55241176009324,21.89408302307129,110330800
2016-02-26 00:00:00-05:00,21.993635925463597,22.179178881360585,21.853348401686738,21.92801856994629,115964400
2016-02-29 00:00:00-05:00,21.91670641163121,22.226699678106144,21.869189498022948,21.87824058532715,140865200
2016-03-01 00:00:00-05:00,22.09546098447838,22.80142851449741,22.043417665277012,22.74712371826172,201628400
2016-03-02 00:00:00-05:00,22.74260452294245,22.8285872815795,22.54574721542224,22.79690933227539,132678400
2016-03-03 00:00:00-05:00,22.75843822137135,23.01412496042539,22.72902175646678,22.96660804748535,147822800
2016-03-04 00:00:00-05:00,23.16346509661175,23.475719832914706,22.93719309822221,23.308279037475586,184220400
2016-03-07 00:00:00-05:00,23.167989888522893,23.267550120715413,22.844420860215557,23.050329208374023,143315600
2016-03-08 00:00:00-05:00,22.80369581471164,23.02544317251674,22.717713061364464,22.86026382446289,126247600
2016-03-09 00:00:00-05:00,22.923613365367988,22.98470776570407,22.68829030286975,22.88062286376953,108806800
2016-03-10 00:00:00-05:00,22.946245689330233,23.134050148301274,22.661142469303154,22.891939163208008,134054400
2016-03-11 00:00:00-05:00,23.13404628662392,23.143097372800096,22.966605508160118,23.138572692871094,109632800
2016-03-14 00:00:00-04:00,23.059380528585958,23.285652530351765,23.029964063512647,23.197404861450195,100304400
2016-03-15 00:00:00-04:00,23.52323347933923,23.799285555257,23.498343424866768,23.663522720336914,160270800
2016-03-16 00:00:00-04:00,23.670308798119695,24.054970422113335,23.665782392387264,23.978038787841797,153214000
2016-03-17 00:00:00-04:00,23.87622139799819,24.091180840249617,23.749509626611857,23.939579010009766,137682800
2016-03-18 00:00:00-04:00,24.061763944639747,24.09796829371383,23.801552522522893,23.96673011779785,176820800
2016-03-21 00:00:00-04:00,23.96899268267387,24.358180793260605,23.79023759809888,23.964468002319336,142010800
2016-03-22 00:00:00-04:00,23.81512693841094,24.276722004992966,23.8060758516562,24.147747039794922,129777600
2016-03-23 00:00:00-04:00,24.09343873823675,24.226938364219116,23.962200588875145,24.01424217224121,102814000
2016-03-24 00:00:00-04:00,23.864912069773585,24.041403982801047,23.733673873715702,23.910165786743164,104532000
2016-03-28 00:00:00-04:00,23.984837349348656,24.027829591359108,23.772141069489038,23.801557540893555,77645600
2016-03-29 00:00:00-04:00,23.73367201849436,24.38986122117192,23.731408814927196,24.364971160888672,124760400
2016-03-30 00:00:00-04:00,24.58444909398996,24.984949708411346,24.5731348053271,24.790355682373047,182404400
2016-03-31 00:00:00-04:00,24.826560060417812,24.867289082816846,24.636490713782962,24.661380767822266,103553600
2016-04-01 00:00:00-04:00,24.613866362261415,24.88991846140795,24.48262819605761,24.88765525817871,103496000
2016-04-04 00:00:00-04:00,24.98495344576784,25.38545584641617,24.95101230102027,25.14334487915039,149424800
2016-04-05 00:00:00-04:00,24.779045176816258,25.055097270450286,24.75867980079629,24.846925735473633,106314800
2016-04-06 00:00:00-04:00,24.94196768726165,25.11167171697916,24.708906036341926,25.107145309448242,105616400
2016-04-07 00:00:00-04:00,24.878614960801904,24.984963116559328,24.464538358825873,24.559572219848633,127207600
2016-04-08 00:00:00-04:00,24.6432836967458,24.837876023385373,24.475841178225927,24.586715698242188,94326800
2016-04-11 00:00:00-04:00,24.65686599144507,25.027952021761923,24.62518804200232,24.66817855834961,117630000
2016-04-12 00:00:00-04:00,24.74058227221714,25.003058648654925,24.586718953183524,24.989482879638672,108929200
2016-04-13 00:00:00-04:00,25.07093990889034,25.41939729222358,25.07093990889034,25.351516723632812,133029200
2016-04-14 00:00:00-04:00,25.256477930218843,25.430706587658513,25.190858851715603,25.365087509155273,101895600
2016-04-15 00:00:00-04:00,25.367355144707314,25.410347378970744,24.828828383114317,24.855979919433594,187756000
2016-04-18 00:00:00-04:00,24.638763921669256,24.652339692542192,24.197534105111078,24.319721221923828,243286000
2016-04-19 00:00:00-04:00,24.410224902021245,24.437378165902466,24.036877449985877,24.19074249267578,129539600
2016-04-20 00:00:00-04:00,24.129643875461802,24.457737556836925,23.99840571238447,24.240516662597656,122444000
2016-04-21 00:00:00-04:00,24.19525965241305,24.19525965241305,23.87621537467785,23.978038787841797,126210000
2016-04-22 00:00:00-04:00,23.760820372553717,24.093440449136978,23.672574441172625,23.91242218017578,134732400
2016-04-25 00:00:00-04:00,23.75855493403565,23.905632047938518,23.647682161045857,23.776657104492188,112126400
2016-04-26 00:00:00-04:00,23.51192601443075,23.826443978608584,23.51192601443075,23.61148452758789,224064800
2016-04-27 00:00:00-04:00,21.72211517515591,22.33531217762968,21.6497081936248,22.133930206298828,458408400
2016-04-28 00:00:00-04:00,22.086414394750825,22.147507087166236,21.326140187366278,21.457378387451172,328970800
2016-04-29 00:00:00-04:00,21.267303317109604,21.43248262519851,20.93242174714489,21.210735321044922,274126000
2016-05-02 00:00:00-04:00,21.262778613252216,21.287668669598332,20.907531667415565,21.188108444213867,192640400
2016-05-03 00:00:00-04:00,21.31481849450626,21.663277529105528,21.197157831833383,21.53656578063965,227325200
2016-05-04 00:00:00-04:00,21.541084881809546,21.699476252690847,21.22883027124793,21.312551498413086,164102000
2016-05-05 00:00:00-04:00,21.39907322983355,21.415008640425143,21.09857567522822,21.226058959960938,143562000
2016-05-06 00:00:00-04:00,21.2556462495966,21.27385689972502,20.909617844724483,21.10767364501953,174799600
2016-05-09 00:00:00-04:00,21.17141575710455,21.34670520938341,21.078078574390002,21.12360954284668,131745600
2016-05-10 00:00:00-04:00,21.24654308032093,21.301178512140535,20.968810218591916,21.267030715942383,134747200
2016-05-11 00:00:00-04:00,21.280686351593356,21.30117398285851,21.04848277628276,21.059865951538086,114876400
2016-05-12 00:00:00-04:00,21.1076795669824,21.121337992617917,20.367818073350588,20.565872192382812,305258800
2016-05-13 00:00:00-04:00,20.488466903791494,20.86864137283403,20.488466903791494,20.606843948364258,177571200
2016-05-16 00:00:00-04:00,21.032548609984925,21.487847857715877,20.864088374636538,21.371746063232422,245039200
2016-05-17 00:00:00-04:00,21.52427643879756,21.558422498954688,21.173695747608512,21.28296661376953,187667600
2016-05-18 00:00:00-04:00,21.435486124824305,21.674517151075783,21.3740197631964,21.52654457092285,168249600
2016-05-19 00:00:00-04:00,21.54476365029383,21.54476365029383,21.301178583941898,21.444597244262695,121768400
2016-05-20 00:00:00-04:00,21.544760665676776,21.72460408030558,21.517442085044827,21.67679786682129,128104000
2016-05-23 00:00:00-04:00,21.82477010784649,22.125267542462378,21.779239140887235,21.952253341674805,152074400
2016-05-24 00:00:00-04:00,22.13209963980563,22.33015372721535,22.045591659714926,22.286901473999023,140560800
2016-05-25 00:00:00-04:00,22.462187175661384,22.705772195110654,22.334703946589983,22.678455352783203,152675200
2016-05-26 00:00:00-04:00,22.692116161484822,22.93114897797213,22.455360327707282,22.858301162719727,225324800
2016-05-27 00:00:00-04:00,22.637486135393196,22.871965042405936,22.59423213773205,22.844646453857422,145364800
2016-05-31 00:00:00-04:00,22.67390577120075,22.856026193792353,22.496339314429928,22.733095169067383,169228800
2016-06-01 00:00:00-04:00,22.541862338451534,22.660241101556068,22.384785297511208,22.414379119873047,116693200
2016-06-02 00:00:00-04:00,22.218605412811385,22.273240842302986,21.99778497521207,22.24592399597168,160766400
2016-06-03 00:00:00-04:00,22.26185477016167,22.37112560641008,22.1844530023928,22.29144859313965,114019600
2016-06-06 00:00:00-04:00,22.30738551484315,23.19521936975564,22.207220864266038,22.453081130981445,93170000
2016-06-07 00:00:00-04:00,22.594226875684704,22.735370278403316,22.52820827135643,22.544143676757812,89638000
2016-06-08 00:00:00-04:00,22.541863679255194,22.664794677408715,22.46446364532262,22.523653030395508,83392400
2016-06-09 00:00:00-04:00,22.42348626575022,22.762683693508933,22.414380073060425,22.685283660888672,106405600
2016-06-10 00:00:00-04:00,22.43031587222993,22.616988483596124,22.418934433788163,22.498611450195312,126851600
2016-06-13 00:00:00-04:00,22.46674268329849,22.56463209429389,22.104778866146614,22.159414291381836,152082000
2016-06-14 00:00:00-04:00,22.15486243585689,22.41893684645813,22.025102213221146,22.18673324584961,127727600
2016-06-15 00:00:00-04:00,22.268689624812268,22.40300382708042,22.088846185371665,22.113887786865234,117780800
2016-06-16 00:00:00-04:00,21.95680788955315,22.252753127152243,21.870301648434932,22.207223892211914,125307200
2016-06-17 00:00:00-04:00,21.995505742306662,22.002334952651616,21.695008329327894,21.70183753967285,244032800
2016-06-20 00:00:00-04:00,21.85436392148318,21.984124137793835,21.63354350813392,21.649478912353516,137647600
2016-06-21 00:00:00-04:00,21.61305902529588,21.93404413901869,21.553869628070824,21.833879470825195,142185600
2016-06-22 00:00:00-04:00,21.911276651977456,22.05697227466508,21.70639163981398,21.751922607421875,116876400
2016-06-23 00:00:00-04:00,21.8407036600755,21.920380674461924,21.683624876836088,21.877126693725586,128960800
2016-06-24 00:00:00-04:00,21.150926236743015,21.549313056841648,21.091736851444896,21.262474060058594,301245600
2016-06-27 00:00:00-04:00,21.171414750344976,21.18279792612506,20.8299403188878,20.952871322631836,181958400
2016-06-28 00:00:00-04:00,21.148651842251095,21.321666054463222,20.97563763003897,21.305728912353516,161779600
2016-06-29 00:00:00-04:00,21.39223434601581,21.524271537990504,21.314832574681827,21.490123748779297,146124000
2016-06-30 00:00:00-04:00,21.49923486383234,21.802007597523946,21.467364049759535,21.763307571411133,143345600
2016-07-01 00:00:00-04:00,21.73826451524654,21.96136193566166,21.701841474526535,21.82932472229004,104106000
2016-07-05 00:00:00-04:00,21.715495613884773,21.71777259623965,21.50378141242575,21.624435424804688,110820800
2016-07-06 00:00:00-04:00,21.5356536434154,21.776963420972997,21.483295203588348,21.74736785888672,123796400
2016-07-07 00:00:00-04:00,21.786068710331573,21.968189107508774,21.767858060076918,21.84070587158203,100558400
2016-07-08 00:00:00-04:00,21.965910827619155,22.05697102082978,21.86574617823332,22.009164810180664,115648400
2016-07-11 00:00:00-04:00,22.025102967911465,22.229987994048525,22.020550739254617,22.077463150024414,95179600
2016-07-12 00:00:00-04:00,22.120711348436405,22.241365359270755,22.109329910465,22.177623748779297,96670000
2016-07-13 00:00:00-04:00,22.175350667633943,22.234538319250756,22.045588714831684,22.052419662475586,103568800
2016-07-14 00:00:00-04:00,22.170795958130736,22.535034996280167,22.1548605544876,22.489505767822266,155676000
2016-07-15 00:00:00-04:00,22.51910302038946,22.605610999187544,22.423490583976943,22.487232208251953,120548000
2016-07-18 00:00:00-04:00,22.469017852041166,22.794556893367258,22.446253236340294,22.72626304626465,145975600
2016-07-19 00:00:00-04:00,22.664799966530648,22.76496637436316,22.614716762614393,22.73537254333496,95119600
2016-07-20 00:00:00-04:00,22.764963661535447,22.869682285959044,22.705774269703365,22.755857467651367,105104000
2016-07-21 00:00:00-04:00,22.726266435747576,22.992616126512747,22.566910628416856,22.63520622253418,130808000
2016-07-22 00:00:00-04:00,22.596502683958082,22.605608877546853,22.38023449408964,22.45991325378418,113254800
2016-07-25 00:00:00-04:00,22.366576289676537,22.500888738552472,22.063801863012984,22.159414291381836,161531600
2016-07-26 00:00:00-04:00,22.04103140424622,22.302828758374726,21.949971228441292,22.00688362121582,224959200
2016-07-27 00:00:00-04:00,23.737030470996775,23.75524286154649,23.391003734698042,23.436532974243164,369379200
2016-07-28 00:00:00-04:00,23.409212413656437,23.77800371125491,23.406935430991453,23.752962112426758,159479200
2016-07-29 00:00:00-04:00,23.71881546265295,23.800769468251264,23.602713665250537,23.72336769104004,110934800
2016-08-01 00:00:00-04:00,23.768897200963814,24.165007045837264,23.768897200963814,24.142242431640625,152671600
2016-08-02 00:00:00-04:00,24.142249562754643,24.14680179220711,23.675567018146026,23.784839630126953,135266400
2016-08-03 00:00:00-04:00,23.859954306635846,24.094433119558012,23.850848114107098,24.083051681518555,120810400
2016-08-04 00:00:00-04:00,24.16544864727516,24.261579012946477,24.09678310251717,24.23182487487793,109634800
2016-08-05 00:00:00-04:00,24.323380557839805,24.63924001955661,24.30278193880834,24.600330352783203,162213600
2016-08-08 00:00:00-04:00,24.60948715124124,24.804039001464844,24.52709091876358,24.804039001464844,112148800
2016-08-09 00:00:00-04:00,24.771998155762603,24.934504812564096,24.721643636087038,24.904748916625977,105260800
2016-08-10 00:00:00-04:00,24.881859368478118,24.925347677433617,24.664421316176433,24.71935272216797,96034000
2016-08-11 00:00:00-04:00,24.838363392771008,24.93220618918516,24.685012319166656,24.703323364257812,109938000
2016-08-12 00:00:00-04:00,24.66899794612241,24.820061493806705,24.66899794612241,24.76055145263672,74641600
2016-08-15 00:00:00-04:00,24.751395763843067,25.07183216140726,24.737663349139908,25.0580997467041,103472800
2016-08-16 00:00:00-04:00,25.092430377750215,25.22976150751289,24.996299983906624,25.03520965576172,135177600
2016-08-17 00:00:00-04:00,24.971123892877344,25.03292325340463,24.797172400960832,24.99859046936035,101424000
2016-08-18 00:00:00-04:00,25.000879796385863,25.085565351322884,24.952812850963635,24.9665470123291,87938800
2016-08-19 00:00:00-04:00,24.895588314079816,25.10616187580563,24.801747248014788,25.030630111694336,101472400
2016-08-22 00:00:00-04:00,24.916183465376673,24.971114852217134,24.685011332493662,24.836074829101562,103280800
2016-08-23 00:00:00-04:00,24.854394145028447,25.021479436236717,24.840661729342674,24.913904190063477,85030800
2016-08-24 00:00:00-04:00,24.849808484112213,24.891007462865762,24.64610290756338,24.726211547851562,94700400
2016-08-25 00:00:00-04:00,24.57972882831137,24.69188093452572,24.417222216300257,24.620927810668945,100344800
2016-08-26 00:00:00-04:00,24.58431130314203,24.707906523282393,24.332538734832134,24.476736068725586,111065200
2016-08-29 00:00:00-04:00,24.40348675378222,24.59117059523091,24.32795500452868,24.449262619018555,99881200
2016-08-30 00:00:00-04:00,24.215807454424684,24.37602475904069,24.14714189745345,24.26158332824707,99455600
2016-08-31 00:00:00-04:00,24.183758540844376,24.39204098988421,24.17917990675188,24.284465789794922,118649600
2016-09-01 00:00:00-04:00,24.29362338368296,24.444686889348482,24.174605080686185,24.428665161132812,106806000
2016-09-02 00:00:00-04:00,24.650684766074676,24.719350326588074,24.44926846613325,24.65755271911621,107210000
2016-09-06 00:00:00-04:00,24.696460067460034,24.788013557460886,24.607195894924537,24.65068244934082,107521600
2016-09-07 00:00:00-04:00,24.680433040299462,24.89329411671223,24.506481621258324,24.801740646362305,169457200
2016-09-08 00:00:00-04:00,24.547686247936387,24.552263136701015,24.087631219518045,24.151718139648438,212008000
2016-09-09 00:00:00-04:00,23.95029644497617,24.19749029212594,23.60468292236328,23.60468292236328,186228000
2016-09-12 00:00:00-04:00,23.4948242494541,24.197494509596165,23.467357679571137,24.133407592773438,181171200
2016-09-13 00:00:00-04:00,24.607199441122198,24.900169254355387,24.545400084314608,24.70790672302246,248704800
2016-09-14 00:00:00-04:00,24.886433010076683,25.870628215800973,24.856677122030995,25.58223533630371,443554800
2016-09-15 00:00:00-04:00,26.0606044333641,26.488616040660265,25.97591714049353,26.451993942260742,359934400
2016-09-16 00:00:00-04:00,26.348992641681043,26.58016304815976,26.101798760335285,26.30321502685547,319547600
2016-09-19 00:00:00-04:00,26.365016812905786,26.5916103520135,25.920983512266076,25.99651527404785,188092000
2016-09-20 00:00:00-04:00,25.875206237689383,26.12011081115645,25.75160929226149,25.994224548339844,138057200
2016-09-21 00:00:00-04:00,26.058310715168247,26.090354172737744,25.735586822150456,25.989646911621094,144012800
2016-09-22 00:00:00-04:00,26.172753037236433,26.30779482414331,26.092644390548045,26.23455238342285,124296000
2016-09-23 00:00:00-04:00,26.188773702492046,26.273460980543124,25.531881080100096,25.79738426208496,209924800
2016-09-26 00:00:00-04:00,25.552485602666827,25.953030658642643,25.53188698083939,25.836299896240234,119477600
2016-09-27 00:00:00-04:00,25.863762648307365,25.904961632109924,25.712699125618776,25.884361267089844,98429600
2016-09-28 00:00:00-04:00,26.021695169222927,26.239133206587653,25.962185131514705,26.08120346069336,118564400
2016-09-29 00:00:00-04:00,25.900388611113527,26.04687352067809,25.589107741729357,25.676082611083984,143548000
2016-09-30 00:00:00-04:00,25.74016610618626,25.9484503460104,25.58910432733329,25.875207901000977,145516400
2016-10-03 00:00:00-04:00,25.797386922770695,25.875208003159123,25.698967223190934,25.75389862060547,86807200
2016-10-04 00:00:00-04:00,25.87749431398079,26.163597874842022,25.779074619195026,25.86376190185547,118947200
2016-10-05 00:00:00-04:00,25.955316552380403,26.01482658464982,25.79280993208567,25.875207901000977,85812400
2016-10-06 00:00:00-04:00,26.023972724563755,26.170457571590887,25.89350960311031,26.067461013793945,115117200
2016-10-07 00:00:00-04:00,26.163605005110146,26.220825732876538,25.9804997240005,26.10638427734375,97433600
2016-10-10 00:00:00-04:00,26.326102624510632,26.722070693060626,26.25743882250647,26.561853408813477,144944000
2016-10-11 00:00:00-04:00,26.93950843329308,27.166103692627097,26.596184187773265,26.61907386779785,256164000
2016-10-12 00:00:00-04:00,26.859406016999273,27.003603351129488,26.722076636210637,26.85711669921875,150347200
2016-10-13 00:00:00-04:00,26.73122522088529,26.879999405712596,26.486320669087977,26.77471351623535,140769600
2016-10-14 00:00:00-04:00,26.98071123999576,27.047087479760652,26.809049092884454,26.923490524291992,142608800
2016-10-17 00:00:00-04:00,26.85483308564542,26.97156211608894,26.728946782730166,26.905187606811523,94499600
2016-10-18 00:00:00-04:00,27.049377967973744,27.056244174757325,26.88229270254308,26.886871337890625,98214000
2016-10-19 00:00:00-04:00,26.836516840135722,26.953247594229147,26.046871627343243,26.8067626953125,80138400
2016-10-20 00:00:00-04:00,26.7472462905892,26.866264587780144,26.625938676268433,26.79302215576172,96503200
2016-10-21 00:00:00-04:00,26.735809337104534,26.7586990226796,26.614501687003166,26.687744140625,92770800
2016-10-24 00:00:00-04:00,26.80218189263496,26.948666779706272,26.779293956449614,26.928068161010742,94154800
2016-10-25 00:00:00-04:00,26.996741220991996,27.090584061619477,26.850256283722235,27.065406799316406,192516000
2016-10-26 00:00:00-04:00,26.163597996001634,26.481745017453612,25.934715146252724,26.456567764282227,264536800
2016-10-27 00:00:00-04:00,26.410799097834698,26.518374345961796,26.11553993156182,26.202516555786133,138248000
2016-10-28 00:00:00-04:00,26.062891508815476,26.36959369845516,25.966759381906105,26.0285587310791,151446800
2016-10-31 00:00:00-04:00,26.012535345583657,26.145287813056154,25.909537018929132,25.98735809326172,105677600
2016-11-01 00:00:00-04:00,25.969051797617304,26.04000493282985,25.2984248779441,25.518152236938477,175303200
2016-11-02 00:00:00-04:00,25.497551955515803,25.71498998256789,25.45864228688336,25.541038513183594,113326800
2016-11-03 00:00:00-04:00,25.53183617062324,25.642263021474122,25.202853178991276,25.267269134521484,107730400
2016-11-04 00:00:00-04:00,24.968191409954677,25.363891402462773,24.871567483003545,25.039508819580078,123348000
2016-11-07 00:00:00-05:00,25.32479147908192,25.42371651435973,25.18215485106164,25.400711059570312,130240000
2016-11-08 00:00:00-05:00,25.37769986107729,25.70208251479845,25.237364327152967,25.550243377685547,97016800
2016-11-09 00:00:00-05:00,25.27877301861398,25.61005710827959,24.8577682024011,25.508831024169922,236705600
2016-11-10 00:00:00-05:00,25.55713908639396,25.55713908639396,24.347035425970823,24.797948837280273,228538000
2016-11-11 00:00:00-05:00,24.643818762813076,25.04642034728978,24.51268574550595,24.945194244384766,136575600
2016-11-14 00:00:00-05:00,24.779545367845188,24.80255081531767,23.94443551369246,24.319429397583008,204702000
2016-11-15 00:00:00-05:00,24.517282287264077,24.772646821194414,24.422959414978134,24.64151382446289,129058000
2016-11-16 00:00:00-05:00,24.547186171059305,25.359292328299528,24.524180723718356,25.3040771484375,235362000
2016-11-17 00:00:00-05:00,25.262666214510148,25.386897734297026,25.03721037709193,25.29487419128418,110528000
2016-11-18 00:00:00-05:00,25.24196772606812,25.430615243401842,25.22816480571798,25.320186614990234,113715600
2016-11-21 00:00:00-05:00,25.333988410366057,25.764195760935156,25.308681889132192,25.704381942749023,117058400
2016-11-22 00:00:00-05:00,25.75499298387835,25.86312052717091,25.628462134121555,25.72048568725586,103862000
2016-11-23 00:00:00-05:00,25.61926047122181,25.653769524216692,25.382300998635436,25.589353561401367,109705600
2016-11-25 00:00:00-05:00,25.56634439798822,25.73658857833759,25.524933888606377,25.718183517456055,45903600
2016-11-28 00:00:00-05:00,25.635364040606053,25.874624580847378,25.626161509611773,25.667572021484375,108776000
2016-11-29 00:00:00-05:00,25.48582580442763,25.77339831396523,25.32248482963467,25.64226531982422,114115200
2016-11-30 00:00:00-05:00,25.674473200356314,25.812507653355425,25.3684956301527,25.426010131835938,144649200
2016-12-01 00:00:00-05:00,25.39149899840638,25.522631972222214,25.083220403258522,25.18904685974121,148347600
2016-12-02 00:00:00-05:00,25.115433567203517,25.327086523891644,25.041815071172717,25.283376693725586,106112000
2016-12-05 00:00:00-05:00,25.30638458860915,25.31328604902802,24.90378301560855,25.101633071899414,137298000
2016-12-06 00:00:00-05:00,25.191348802396664,25.389198805553196,25.12003139028318,25.29487419128418,104782000
2016-12-07 00:00:00-05:00,25.136138775763236,25.580150807244582,25.113133325701664,25.5433406829834,119994800
2016-12-08 00:00:00-05:00,25.504230050636142,25.86542104085599,25.44441447910836,25.794103622436523,108273200
2016-12-09 00:00:00-05:00,25.83781764485599,26.387656214381703,25.83781764485599,26.215112686157227,137610400
2016-12-12 00:00:00-05:00,26.063269759954103,26.45666871015022,25.879222666845706,26.065570831298828,105497600
2016-12-13 00:00:00-05:00,26.18979988188101,26.668320906667244,26.16909550595621,26.50037956237793,174935200
2016-12-14 00:00:00-05:00,26.465870513966813,26.73273686092633,26.452067596683612,26.50037956237793,136127200
2016-12-15 00:00:00-05:00,26.544092897640045,26.854672619230723,26.509585599866277,26.64531898498535,186098000
2016-12-16 00:00:00-05:00,26.794857652865684,26.80175911257715,26.606210148204177,26.679828643798828,177404400
2016-12-19 00:00:00-05:00,26.64071552808017,27.004205812649772,26.629211926678533,26.83396339416504,111117600
2016-12-20 00:00:00-05:00,26.856972907756425,27.03181749535354,26.843169988147295,26.905284881591797,85700000
2016-12-21 00:00:00-05:00,26.87077395485473,27.00880839792081,26.866171812137395,26.930587768554688,95132800
2016-12-22 00:00:00-05:00,26.767241864782527,26.804051978913172,26.603900932534206,26.75343894958496,104343600
2016-12-23 00:00:00-05:00,26.592404319614282,26.806358337402344,26.592404319614282,26.806358337402344,56998000
2016-12-27 00:00:00-05:00,26.806360259684002,27.1008360056042,26.799458799777113,26.976604461669922,73187600
2016-12-28 00:00:00-05:00,27.036411240360742,27.151440222715447,26.73273479715244,26.861568450927734,83623600
2016-12-29 00:00:00-05:00,26.79025566579623,26.942094801147437,26.778753817944512,26.854673385620117,60158000
2016-12-30 00:00:00-05:00,26.83626755694915,26.96279841092744,26.555596500366864,26.64531898498535,122345200
2017-01-03 00:00:00-05:00,26.640717233261352,26.762647693029223,26.401456701458834,26.721237182617188,115127600
2017-01-04 00:00:00-05:00,26.652214801343774,26.804053900212143,26.62920935596453,26.69132423400879,84472400
2017-01-05 00:00:00-05:00,26.66832582267746,26.884580927728436,26.64301929952454,26.82706642150879,88774400
2017-01-06 00:00:00-05:00,26.866173921837206,27.183655096543283,26.794856500946796,27.126140594482422,127007600
2017-01-09 00:00:00-05:00,27.13534082970417,27.47582744741152,27.133041513413918,27.374601364135742,134247600
2017-01-10 00:00:00-05:00,27.32398959799397,27.46432512719422,27.21586380559681,27.402210235595703,97848400
2017-01-11 00:00:00-05:00,27.31709081191246,27.590860437507263,27.284882827160544,27.549449920654297,110354400
2017-01-12 00:00:00-05:00,27.353899673806367,27.445923235352577,27.195159074019244,27.434419631958008,108344800
2017-01-13 00:00:00-05:00,27.402204756622897,27.519534811964093,27.333186664021486,27.38610076904297,104447600
2017-01-17 00:00:00-05:00,27.225070693884238,27.66218137042039,27.197464849288615,27.60696792602539,137759200
2017-01-18 00:00:00-05:00,27.606959198221134,27.72198819488039,27.540242169534384,27.604658126831055,94852000
2017-01-19 00:00:00-05:00,27.468929287987937,27.62766813604499,27.462027827881563,27.556350708007812,102389200
2017-01-20 00:00:00-05:00,27.710493353666486,27.710493353666486,27.544853020481483,27.60696792602539,130391600
2017-01-23 00:00:00-05:00,27.60696305500064,27.793309493956794,27.554048936855708,27.625368118286133,88200800
2017-01-24 00:00:00-05:00,27.503431765793188,27.629962599622765,27.491928164898198,27.600055694580078,92844000
2017-01-25 00:00:00-05:00,27.703586176105624,28.090083717527474,27.671378193920752,28.039470672607422,129510400
2017-01-26 00:00:00-05:00,27.991153703122777,28.16829932872382,27.97504971490478,28.05327033996582,105350400
2017-01-27 00:00:00-05:00,28.09928791224563,28.147599888382786,27.975056364234295,28.05557632446289,82251600
2017-01-30 00:00:00-05:00,27.82091656920229,27.981956481933594,27.758801675778333,27.981956481933594,121510000
2017-01-31 00:00:00-05:00,27.871522983308115,27.926736403793036,27.749592541935872,27.91753387451172,196804000
2017-02-01 00:00:00-05:00,29.224266479391765,30.020268677283774,29.21966609183543,29.619966506958008,447940000
2017-02-02 00:00:00-05:00,29.442826060933836,29.767206955205634,29.396813403985195,29.56935691833496,134841600
2017-02-03 00:00:00-05:00,29.518739075734263,29.72119122299778,29.48423178263535,29.695884704589844,98029200
2017-02-06 00:00:00-05:00,29.70739756347305,30.022575973349525,29.654481683689596,29.974262237548828,107383600
2017-02-07 00:00:00-05:00,30.03177231808843,30.388362950360797,30.011067938833033,30.259531021118164,152735200
2017-02-08 00:00:00-05:00,30.218118783795905,30.41826811436979,30.18821012137677,30.376855850219727,92016400
2017-02-09 00:00:00-05:00,30.418445586774457,30.603290633697004,30.295986492383804,30.596359252929688,113399600
2017-02-10 00:00:00-05:00,30.605609651634992,30.716515292031392,30.51087606110025,30.527048110961914,80262000
2017-02-13 00:00:00-05:00,30.7488474451497,30.91982967918033,30.6725987539857,30.797367095947266,92141600
2017-02-14 00:00:00-05:00,30.838978210345847,31.213286996311922,30.788145717729815,31.197114944458008,132904800
2017-02-15 00:00:00-05:00,31.31262126626519,31.485912774598408,31.104669340890467,31.3103084564209,142492400
2017-02-16 00:00:00-05:00,31.347297127694766,31.400438901901097,31.1555206526763,31.273361206054688,90338400
2017-02-17 00:00:00-05:00,31.21558771448665,31.384257178844305,31.21558771448665,31.358840942382812,88792800
2017-02-21 00:00:00-05:00,31.476683120639176,31.596832942403598,31.41891925785599,31.58527946472168,98028800
2017-02-22 00:00:00-05:00,31.522892215602024,31.682321034458894,31.448956307591242,31.680011749267578,83347600
2017-02-23 00:00:00-05:00,31.742399984098633,31.765503414548835,31.49285966610156,31.546001434326172,83152800
2017-02-24 00:00:00-05:00,31.40274298088445,31.576034545898438,31.257176938072412,31.576034545898438,87106400
2017-02-27 00:00:00-05:00,31.68695094036211,31.756268295074936,31.48824307051981,31.638427734375,81029600
2017-02-28 00:00:00-05:00,31.673078764740332,31.75625886055819,31.58527657314757,31.652284622192383,93931600
2017-03-01 00:00:00-05:00,31.86023616336788,32.38242021612314,31.793231633504373,32.29924011230469,145658400
2017-03-02 00:00:00-05:00,32.347752244099325,32.41244746653751,32.0612423121408,32.10745620727539,104844000
2017-03-03 00:00:00-05:00,32.06586918347313,32.308478066569165,32.02196809193067,32.29692459106445,84432400
2017-03-06 00:00:00-05:00,32.20219047429682,32.29461475112016,32.02428035196002,32.19525909423828,87000000
2017-03-07 00:00:00-05:00,32.13055989999812,32.3431304220329,32.06817396154083,32.236846923828125,69785200
2017-03-08 00:00:00-05:00,32.10515337077174,32.301551909230334,32.075118560354035,32.11670684814453,74828800
2017-03-09 00:00:00-05:00,32.056632858903505,32.06818281034635,31.666148603102606,32.04276657104492,88623600
2017-03-10 00:00:00-05:00,32.17446790401329,32.199884141766816,32.03352395385757,32.149051666259766,78451200
2017-03-13 00:00:00-04:00,32.08205840851597,32.216067499402925,32.07512702538827,32.162925720214844,69686800
2017-03-14 00:00:00-04:00,32.18602176003566,32.26688904429549,32.07973471209646,32.11439514160156,61236400
2017-03-15 00:00:00-04:00,32.211439243327874,32.52105268203677,32.12363704927191,32.45404815673828,102767200
2017-03-16 00:00:00-04:00,32.51411827004607,32.583435599648205,32.407831227906016,32.50718688964844,76928000
2017-03-17 00:00:00-04:00,32.57881607322998,32.57881607322998,32.32234440141568,32.34545135498047,175540000
2017-03-20 00:00:00-04:00,32.44018264011968,32.694345036519806,32.400903638062616,32.68510437011719,86168000
2017-03-21 00:00:00-04:00,32.8352917141338,32.99472054637454,32.28537858857916,32.310794830322266,158119600
2017-03-22 00:00:00-04:00,32.313102362646134,32.717449353469824,32.2923046950709,32.67585754394531,103440800
2017-03-23 00:00:00-04:00,32.63888743408401,32.71282686095234,32.488702820993375,32.56032943725586,81385200
2017-03-24 00:00:00-04:00,32.69433996189426,32.74979452858138,32.42862765513974,32.49563217163086,89582400
2017-03-27 00:00:00-04:00,32.20682015348862,32.62965206475492,32.02890646363169,32.55109405517578,94300400
2017-03-28 00:00:00-04:00,32.55801904145993,33.28122008560219,32.49101099744345,33.22576904296875,133499200
2017-03-29 00:00:00-04:00,33.19804436103866,33.3852022314122,33.0848294503589,33.29970932006836,116760000
2017-03-30 00:00:00-04:00,33.315886458343975,33.38751308494501,33.15645763106996,33.25580978393555,84829200
2017-03-31 00:00:00-04:00,33.20727172151901,33.33435285589319,33.043220888849696,33.19340896606445,78646800
2017-04-03 00:00:00-04:00,33.20498386217642,33.299713927446234,33.052486402532196,33.20267105102539,79942800
2017-04-04 00:00:00-04:00,33.098688727826826,33.47761947345894,33.080203871256245,33.449893951416016,79565600
2017-04-05 00:00:00-04:00,33.322810259170346,33.60932022602162,33.228076698482546,33.2765998840332,110871600
2017-04-06 00:00:00-04:00,33.33897142396172,33.39211668737014,33.144885796349044,33.19340896606445,84596000
2017-04-07 00:00:00-04:00,33.209599248029676,33.31357349667773,33.10331571407883,33.11948776245117,66688800
2017-04-10 00:00:00-04:00,33.17956732609938,33.244262576475684,33.017825674531885,33.0802116394043,75733600
2017-04-11 00:00:00-04:00,33.02706253139465,33.12179610041175,32.36162178890998,32.72438049316406,121517600
2017-04-12 00:00:00-04:00,32.71745385970046,32.84453153953262,32.58112846168498,32.76366424560547,81400000
2017-04-13 00:00:00-04:00,32.78908183353735,32.897678183969354,32.59037399291992,32.59037399291992,71291600
2017-04-17 00:00:00-04:00,32.689732341739536,32.78215666047726,32.54878834058837,32.77060317993164,66328400
2017-04-18 00:00:00-04:00,32.673553715856414,32.81911625943817,32.60423637215595,32.625030517578125,58790000
2017-04-19 00:00:00-04:00,32.782144510931275,32.809870033463476,32.451733423043436,32.50487518310547,69313600
2017-04-20 00:00:00-04:00,32.629653035873716,33.02244662108617,32.6157902720797,32.91154098510742,93278400
2017-04-21 00:00:00-04:00,32.91154005220847,32.96699110581275,32.7752181779293,32.87226104736328,69283600
2017-04-24 00:00:00-04:00,33.15646462651713,33.260438897572406,33.08252517337647,33.188812255859375,68537200
2017-04-25 00:00:00-04:00,33.25119785952204,33.47994054817826,33.241953665168516,33.39445114135742,75486000
2017-04-26 00:00:00-04:00,33.38057575895097,33.41061409080594,33.12872620522698,33.19804000854492,80164800
2017-04-27 00:00:00-04:00,33.253499487413826,33.30895406388303,33.11255552381096,33.22346115112305,56985200
2017-04-28 00:00:00-04:00,33.2927698231632,33.34129300564496,33.103306239396055,33.191104888916016,83441600
2017-05-01 00:00:00-04:00,33.526149553957254,34.01136391757358,33.49380192971616,33.86811065673828,134411600
2017-05-02 00:00:00-04:00,34.089916305108204,34.21699749566795,33.928178210589465,34.082984924316406,181408800
2017-05-03 00:00:00-04:00,33.639355989291474,34.07836337966752,33.33436468419537,33.979007720947266,182788000
2017-05-04 00:00:00-04:00,33.854239024494824,33.99749224780387,33.690188135200835,33.85654830932617,93487600
2017-05-05 00:00:00-04:00,33.90969357549422,34.42263691120523,33.90969357549422,34.41801834106445,109310800
2017-05-08 00:00:00-04:00,34.43419436903658,35.51322292684159,34.43419436903658,35.35379409790039,195009600
2017-05-09 00:00:00-04:00,35.55249403747193,35.78586225291136,35.4554511904516,35.580223083496094,156521600
2017-05-10 00:00:00-04:00,35.49705297990931,35.56867961150019,35.145847678377294,35.41156005859375,103222800
2017-05-11 00:00:00-04:00,35.369805378967186,35.74566272798145,35.33732422931705,35.71781921386719,109020400
2017-05-12 00:00:00-04:00,35.89181032003133,36.29086629146974,35.884850329613776,36.21662521362305,130108000
2017-05-15 00:00:00-04:00,36.19574352326371,36.34422922660591,35.97301673833962,36.12382125854492,104038800
2017-05-16 00:00:00-04:00,36.179509678419514,36.20734964530216,35.896458214516294,36.070465087890625,80194000
2017-05-17 00:00:00-04:00,35.63660707330941,35.86165623339559,34.7340916159149,34.859375,203070800
2017-05-18 00:00:00-04:00,35.09602173316082,35.57627878653499,35.06354059689483,35.39067077636719,134272800
2017-05-19 00:00:00-04:00,35.5855666531375,35.72477002721877,35.411559780401745,35.511322021484375,107843200
2017-05-22 00:00:00-04:00,35.7294077451704,35.863973471889224,35.47651863090263,35.727088928222656,91865600
2017-05-23 00:00:00-04:00,35.93821421541674,35.93821421541674,35.5693205340456,35.683006286621094,79675600
2017-05-24 00:00:00-04:00,35.69228707716587,35.76885052211112,35.42083679427562,35.5762825012207,76712000
2017-05-25 00:00:00-04:00,35.66675669224046,35.8106047364817,35.504351036011116,35.69923782348633,76942400
2017-05-26 00:00:00-04:00,35.72940706676329,35.78509053405886,35.569320195944684,35.63892364501953,87710400
2017-05-30 00:00:00-04:00,35.59483357440635,35.82916147696767,35.573953606294275,35.652835845947266,80507600
2017-05-31 00:00:00-04:00,35.7224401700159,35.76884128036938,35.353546563465706,35.441707611083984,97804800
2017-06-01 00:00:00-04:00,35.536842864976805,35.57396518048359,35.31643486944589,35.539161682128906,65616400
2017-06-02 00:00:00-04:00,35.63197038115358,36.065826416015625,35.471883480111885,36.065826416015625,111082800
2017-06-05 00:00:00-04:00,35.80830135498584,35.83382251021561,35.60413565332737,35.71317672729492,101326800
2017-06-06 00:00:00-04:00,35.706203171247324,36.149341452740536,35.6783632089096,35.83380889892578,106499600
2017-06-07 00:00:00-04:00,35.9660592065226,36.18878600667422,35.84077228378099,36.04726028442383,84278400
2017-06-08 00:00:00-04:00,36.01941991941855,36.08670101408541,35.822210729231124,35.95909881591797,85003200
2017-06-09 00:00:00-04:00,36.00549447499846,36.00549447499846,33.87797135357596,34.56471633911133,259530800
2017-06-12 00:00:00-04:00,33.813010334042374,33.89421140172117,33.06361832949146,33.738765716552734,289229200
2017-06-13 00:00:00-04:00,34.14247414441947,34.209755253603035,33.676133394588724,34.01022720336914,136661600
2017-06-14 00:00:00-04:00,34.22134826314073,34.22134826314073,33.37219395829046,33.67844772338867,126124800
2017-06-15 00:00:00-04:00,33.251551226267416,33.52067913475004,32.99402094249624,33.47659683227539,128661600
2017-06-16 00:00:00-04:00,33.358274735777414,33.525321604147315,32.99169986019783,33.00794219970703,201444400
2017-06-19 00:00:00-04:00,33.33044553324692,34.0450343586358,33.33044553324692,33.95222854614258,130165600
2017-06-20 00:00:00-04:00,34.07519113673098,34.07519113673098,33.6274150660144,33.643653869628906,99600400
2017-06-21 00:00:00-04:00,33.76196909580847,33.88957482348066,33.55083994094887,33.843170166015625,85063200
2017-06-22 00:00:00-04:00,33.81997198142515,34.03573877374179,33.66916392232728,33.78749084472656,76425200
2017-06-23 00:00:00-04:00,33.67149195713857,34.14247028877501,33.66685078249091,33.93830108642578,141757600
2017-06-26 00:00:00-04:00,34.14479524193161,34.40232560838147,33.72950031090039,33.83158493041992,102769600
2017-06-27 00:00:00-04:00,33.64366271171305,33.91047549428699,33.32116997047917,33.3466911315918,99047600
2017-06-28 00:00:00-04:00,33.52300142879953,33.89885509731291,33.21442885223566,33.833892822265625,88329600
2017-06-29 00:00:00-04:00,33.57404807712838,33.67149150233917,33.010263961048665,33.33507537841797,125997600
2017-06-30 00:00:00-04:00,33.51371791447777,33.63204483576465,33.3582722231546,33.41395568847656,92096400
2017-07-03 00:00:00-04:00,33.61348197207128,33.710925376297865,33.20050602741556,33.29330825805664,57111200
2017-07-05 00:00:00-04:00,33.33740022657141,33.5926082049495,33.112351034801584,33.43020248413086,86278400
2017-07-06 00:00:00-04:00,33.181946800684734,33.29331019195842,33.040421089620494,33.114662170410156,96515200
2017-07-07 00:00:00-04:00,33.154101307185634,33.58331958846352,33.154101307185634,33.451072692871094,76806800
2017-07-10 00:00:00-04:00,33.43483117071179,33.861727060320725,33.26314316415742,33.65523910522461,84362400
2017-07-11 00:00:00-04:00,33.57867804222174,33.838530656946226,33.49747697651507,33.764286041259766,79127200
2017-07-12 00:00:00-04:00,33.84315849407883,33.9150807320952,33.599551827294874,33.8129997253418,99538000
2017-07-13 00:00:00-04:00,33.757312230006335,34.4510204705711,33.74339225530883,34.283973693847656,100797600
2017-07-14 00:00:00-04:00,34.33040719937552,34.64593990438057,34.1819214287955,34.57865524291992,80528400
2017-07-17 00:00:00-04:00,34.527606707527475,35.01018267036603,34.46960441447506,34.69929122924805,95174000
2017-07-18 00:00:00-04:00,34.61576186081721,34.83153219493407,34.49279730380701,34.81993103027344,71475200
2017-07-19 00:00:00-04:00,34.91273797141296,35.13082715177635,34.78977339783427,35.03802490234375,83692000
2017-07-20 00:00:00-04:00,35.14938813106929,35.2050716045532,34.845456694516386,34.88025665283203,68974800
2017-07-21 00:00:00-04:00,34.799051397356024,34.90345479996306,34.541521116163516,34.864013671875,105010400
2017-07-24 00:00:00-04:00,34.93593005219546,35.36746711176589,34.77816202624112,35.28626251220703,85972800
2017-07-25 00:00:00-04:00,35.21899499762855,35.69229217743829,35.21899499762855,35.43708419799805,75415600
2017-07-26 00:00:00-04:00,35.578593392380434,35.713155541753615,35.51130877751628,35.6041145324707,63124000
2017-07-27 00:00:00-04:00,35.671403166837266,35.727086631610675,34.17494501031293,34.93129348754883,129905200
2017-07-28 00:00:00-04:00,34.7758510102324,34.85473327081453,34.61344531486372,34.685367584228516,68854800
2017-07-31 00:00:00-04:00,34.77817178991268,34.877937569955606,34.36751812420108,34.50672149658203,79383600
2017-08-01 00:00:00-04:00,34.59256504206811,34.85241415241093,34.43247816509669,34.81297302246094,141474400
2017-08-02 00:00:00-04:00,36.95442341298408,37.063468015241696,36.23055587474565,36.457923889160156,279747200
2017-08-03 00:00:00-04:00,36.43703478509722,36.47415709575455,35.96605653168981,36.09366226196289,108389200
2017-08-04 00:00:00-04:00,36.209663954052346,36.51823295889064,36.12149935828248,36.283905029296875,82239600
2017-08-07 00:00:00-04:00,36.43934770282649,36.87088475886639,36.34886429785898,36.84536361694336,87481200
2017-08-08 00:00:00-04:00,36.796661091986486,37.54604982805782,36.72009763000825,37.14003372192383,144823600
2017-08-09 00:00:00-04:00,36.949776311581175,37.416116973301776,36.914976354816375,37.367393493652344,104526000
2017-08-10 00:00:00-04:00,37.243945192944345,37.267238638725885,36.01645807921951,36.17717361450195,163217200
2017-08-11 00:00:00-04:00,36.47531138153877,36.93416454339408,36.35186393739302,36.68027877807617,105028400
2017-08-14 00:00:00-04:00,37.108863774529745,37.31616269865462,36.97609749802643,37.2323112487793,88490800
2017-08-15 00:00:00-04:00,37.42097743810432,37.779673147687454,37.2998578831191,37.639923095703125,117862000
2017-08-16 00:00:00-04:00,37.71910243792333,37.85186512027864,37.30217323789386,37.48851013183594,110686400
2017-08-17 00:00:00-04:00,37.38835216535511,37.43260757279651,36.764124170110456,36.76878356933594,111762400
2017-08-18 00:00:00-04:00,36.76878794908287,37.15077698722718,36.50325902688598,36.6849365234375,109712400
2017-08-21 00:00:00-04:00,36.68493880130041,36.775777555216585,36.128259554669306,36.617393493652344,105474000
2017-08-22 00:00:00-04:00,36.85496870453865,37.26723852587376,36.806057444258705,37.21599578857422,86418400
2017-08-23 00:00:00-04:00,37.050626143637956,37.376713074383446,37.006370727162285,37.26258087158203,77596400
2017-08-24 00:00:00-04:00,37.36739856702638,37.43960683877667,36.92951086030106,37.09721374511719,79275600
2017-08-25 00:00:00-04:00,37.18571576937024,37.39767404573715,37.09720849286256,37.2346305847168,101920400
2017-08-28 00:00:00-04:00,37.29984624604826,37.73307802479244,37.25093143296134,37.6096305847168,103864000
2017-08-29 00:00:00-04:00,37.29051752854726,37.993933824343884,37.267224091858075,37.94502258300781,118067600
2017-08-30 00:00:00-04:00,38.15234072332967,38.17330269453287,37.87516503492764,38.04752731323242,109078400
2017-08-31 00:00:00-04:00,38.11506596467956,38.32003690260881,38.07779787522322,38.198917388916016,107140400
2017-09-01 00:00:00-04:00,38.385257660727085,38.41786635335139,38.11274139649231,38.210567474365234,66364400
2017-09-05 00:00:00-04:00,38.14069302608012,38.257153157457466,37.397676819239685,37.75171661376953,117874000
2017-09-06 00:00:00-04:00,37.89846080805276,37.963678202961646,37.3883648196657,37.71212387084961,86606800
2017-09-07 00:00:00-04:00,37.75403126892082,37.788971428503594,37.35108035110812,37.560707092285156,87714000
2017-09-08 00:00:00-04:00,37.46755420442734,37.53509951790412,36.92484955709291,36.948143005371094,114446000
2017-09-11 00:00:00-04:00,37.38369507686272,37.74472212642734,37.24161360138557,37.616615295410156,126323200
2017-09-12 00:00:00-04:00,37.87517034178439,38.18961417021549,36.98075723764855,37.467559814453125,286856000
2017-09-13 00:00:00-04:00,37.236957458568185,37.257922981172236,36.78043578057349,37.18571472167969,179629600
2017-09-14 00:00:00-04:00,37.03199406138133,37.12748866854169,36.82236369128421,36.86661911010742,95042800
2017-09-15 00:00:00-04:00,36.91086994556379,37.49317053339173,36.80139715072568,37.239288330078125,196458400
2017-09-18 00:00:00-04:00,37.292856552023125,37.383695295624975,36.80139474584889,36.95745086669922,113077600
2017-09-19 00:00:00-04:00,37.153105416508424,37.213666952238235,36.903882613105765,36.97142791748047,83242400
2017-09-20 00:00:00-04:00,36.778120213895654,36.86197167834388,35.83013627951941,36.35187911987305,211805600
2017-09-21 00:00:00-04:00,36.28897304494731,36.28897304494731,35.578565622840415,35.72763442993164,150046800
2017-09-22 00:00:00-04:00,35.296734239749,35.46676858657564,35.06847338265814,35.378257751464844,186581600
2017-09-25 00:00:00-04:00,34.935708269423436,35.364280660403736,34.7423840426693,35.06614303588867,177549200
2017-09-26 00:00:00-04:00,35.35263898998724,35.8510882354049,35.33167701825542,35.669410705566406,146640000
2017-09-27 00:00:00-04:00,35.82313244404268,36.03741863130181,35.76257090902376,35.92328643798828,102016800
2017-09-28 00:00:00-04:00,35.84408875516629,35.934927489278074,35.56691315377695,35.70200729370117,88022000
2017-09-29 00:00:00-04:00,35.68570083331964,35.89998696337314,35.4038658636364,35.89765548706055,105199200
2017-10-02 00:00:00-04:00,35.93027191496218,35.974527325485546,35.571576339386255,35.82545852661133,74795200
2017-10-03 00:00:00-04:00,35.87205640355522,36.12361077003381,35.84876650452396,35.981529235839844,64921200
2017-10-04 00:00:00-04:00,35.78352490335723,35.83709554439404,35.51100874580538,35.74858474731445,80655200
2017-10-05 00:00:00-04:00,35.91164256334408,36.20512435397174,35.88136534751433,36.193477630615234,85135200
2017-10-06 00:00:00-04:00,36.09564795285132,36.21676746633701,36.00014980656297,36.17251205444336,69630400
2017-10-09 00:00:00-04:00,36.29130674360093,36.505592965768344,36.21677410523374,36.29829406738281,65051600
2017-10-10 00:00:00-04:00,36.34953921685477,36.801405139755445,36.125937732873545,36.31227111816406,62468000
2017-10-11 00:00:00-04:00,36.32856703960228,36.563815182604465,36.277324306816766,36.463661193847656,67622400
2017-10-12 00:00:00-04:00,36.41708717925492,36.65466330578336,36.27267418896036,36.33556365966797,64500400
2017-10-13 00:00:00-04:00,36.50558531838799,36.6336921510215,36.431052695634285,36.56614685058594,65576800
2017-10-16 00:00:00-04:00,36.778103705580264,37.26723762098803,36.719873646797474,37.239288330078125,96486000
2017-10-17 00:00:00-04:00,37.21598586304763,37.46986800481522,37.08787905396494,37.37670135498047,75989200
2017-10-18 00:00:00-04:00,37.36505860103378,37.43260745030128,37.17406588237725,37.21133041381836,65496800
2017-10-19 00:00:00-04:00,36.51025169959222,36.587115813870575,36.10730063450979,36.330902099609375,170336800
2017-10-20 00:00:00-04:00,36.47764263581559,36.74317159423828,36.326245886061336,36.39379119873047,95896400
2017-10-23 00:00:00-04:00,36.542855441022574,36.72919233940038,36.219096457297425,36.375152587890625,87937200
2017-10-24 00:00:00-04:00,36.40310938726473,36.66631044378954,36.38214741481978,36.59177780151367,71028800
2017-10-25 00:00:00-04:00,36.547505620070204,36.69657439034687,36.16551667410626,36.43104553222656,84828400
2017-10-26 00:00:00-04:00,36.62205108219874,36.76180465829536,36.51723767716681,36.663978576660156,68002000
2017-10-27 00:00:00-04:00,37.10185604283496,38.10574506181474,36.96443398170839,37.977638244628906,177816800
2017-10-30 00:00:00-04:00,38.17330511154797,39.146913744468144,38.13370908985219,38.83246994018555,178803200
2017-10-31 00:00:00-04:00,39.10730054876835,39.51491090283744,38.883699144821094,39.37282943725586,144187200
2017-11-01 00:00:00-04:00,39.566164074081144,39.58247019850598,38.573925029770365,38.87206268310547,134551200
2017-11-02 00:00:00-04:00,38.80451499973989,39.2470620522876,38.497058564350645,39.15622329711914,165573600
2017-11-03 00:00:00-04:00,40.52811027195143,40.58866823771665,39.8572990335929,40.17873001098633,237594400
2017-11-06 00:00:00-05:00,40.14845455042654,40.75870790356975,39.9970578389901,40.58634567260742,140105200
2017-11-07 00:00:00-05:00,40.50716243754375,40.819274726553346,40.43495772707984,40.71678924560547,97446000
2017-11-08 00:00:00-05:00,40.681847524405,41.049861907958984,40.6049834233386,41.049861907958984,97638000
2017-11-09 00:00:00-05:00,40.78666527374036,41.0172576015806,40.327812095180505,40.96601486206055,117930400
2017-11-10 00:00:00-05:00,40.93328296542886,40.99639849993857,40.736927487906414,40.83042907714844,100582000
2017-11-13 00:00:00-05:00,40.556938922656,40.79069649569724,40.533561738608874,40.666805267333984,67928400
2017-11-14 00:00:00-05:00,40.44940047554934,40.552254357040376,40.0146113372461,40.0520133972168,99130000
2017-11-15 00:00:00-05:00,39.73177533088447,39.8135919089244,39.36010164246712,39.52373123168945,116632400
2017-11-16 00:00:00-05:00,40.014623372072364,40.175916683207014,39.8089191140793,39.99592590332031,94550000
2017-11-17 00:00:00-05:00,39.98189358391045,40.06371016093212,39.65463440953874,39.77384948730469,87598000
2017-11-20 00:00:00-05:00,39.806587528743606,39.869703091187674,39.63594544776668,39.73412322998047,65049600
2017-11-21 00:00:00-05:00,39.921110410671325,40.60368196550586,39.921110410671325,40.4727783203125,100525200
2017-11-22 00:00:00-05:00,40.52421413758926,40.907576425416,40.4517498586186,40.89822769165039,102355600
2017-11-24 00:00:00-05:00,40.930955729386724,41.02445733931441,40.825761959645845,40.90056610107422,56106800
2017-11-27 00:00:00-05:00,40.91925590275337,40.92626834322991,40.51952896130642,40.694847106933594,82867200
2017-11-28 00:00:00-05:00,40.74393400265719,40.87717392629052,40.17356511741134,40.45641326904297,105715200
2017-11-29 00:00:00-05:00,40.353564015160494,40.42135213023279,39.074910025823634,39.617225646972656,166665600
2017-11-30 00:00:00-05:00,39.83929907290369,40.2390260682573,39.37412381322835,40.17123794555664,166108800
2017-12-01 00:00:00-05:00,39.72709530718462,40.12915858256177,39.38814756965987,39.984230041503906,159037200
2017-12-04 00:00:00-05:00,40.318511993671095,40.35123791673735,39.65230493835277,39.69204330444336,130169600
2017-12-05 00:00:00-05:00,39.519041349776856,40.09408635421294,39.36476054775055,39.65462112426758,109400800
2017-12-06 00:00:00-05:00,39.15438974818077,39.785534421794935,38.9112834648331,39.507362365722656,114240000
2017-12-07 00:00:00-05:00,39.51203086625384,39.84162980502884,39.48398110699008,39.5798225402832,102693200
2017-12-08 00:00:00-05:00,39.85332162553846,39.97253667893352,39.46294698774947,39.59151077270508,93420800
2017-12-11 00:00:00-05:00,39.55177980714525,40.41434580408775,39.455938348183324,40.362918853759766,141095200
2017-12-12 00:00:00-05:00,40.24135578991373,40.29745887898939,40.08006609667753,40.136165618896484,77636800
2017-12-13 00:00:00-05:00,40.323168591058526,40.56627482068347,40.20628984151923,40.269405364990234,95273600
2017-12-14 00:00:00-05:00,40.299803226735804,40.470448819217914,40.124485051039116,40.257728576660156,81906000
2017-12-15 00:00:00-05:00,40.58732854854576,40.71355606857073,40.3138326161104,40.666805267333984,160677200
2017-12-18 00:00:00-05:00,40.879528279802386,41.421844031172604,40.87485212930518,41.2395133972168,117684400
2017-12-19 00:00:00-05:00,40.914579856867505,40.99873270965546,40.694847209762465,40.8000373840332,109745600
2017-12-20 00:00:00-05:00,40.87717802562036,41.00574538016436,40.4984919693788,40.7556266784668,93902400
2017-12-21 00:00:00-05:00,40.71354900872024,41.146001870600934,40.69718783621033,40.90990447998047,83799600
2017-12-22 00:00:00-05:00,40.83276406623033,41.00574592435399,40.79068942247038,40.90990447998047,65397600
2017-12-26 00:00:00-05:00,39.92580686977444,40.082424065432846,39.66399587935055,39.87204360961914,132742000
2017-12-27 00:00:00-05:00,39.76216098850259,39.92111441163747,39.67099568597355,39.8790397644043,85992800
2017-12-28 00:00:00-05:00,39.97254042334844,40.17123576447634,39.850985500534065,39.991241455078125,65920800
2017-12-29 00:00:00-05:00,39.86033752972982,39.87669870309674,39.55645200818158,39.55878829956055,103999600
2018-01-02 00:00:00-05:00,39.77618586634448,40.276426884472016,39.56580192963127,40.26707458496094,102223600
2018-01-03 00:00:00-05:00,40.33019497342311,40.80238628352514,40.19695500765061,40.260066986083984,118071600
2018-01-04 00:00:00-05:00,40.3325285848356,40.54992497445396,40.22500210267125,40.44707107543945,89738400
2018-01-05 00:00:00-05:00,40.54290869011677,40.9940590344742,40.451743391332485,40.907569885253906,94640000
2018-01-08 00:00:00-05:00,40.7556266784668,41.050159881448366,40.65744537728277,40.7556266784668,82271200
2018-01-09 00:00:00-05:00,40.802380620103136,40.921595685232134,40.53589715868877,40.750953674316406,86336000
2018-01-10 00:00:00-05:00,40.477452652181725,40.743936079890894,40.440050593275295,40.74159622192383,95839600
2018-01-11 00:00:00-05:00,40.81173298285246,41.02211693438228,40.78835936614299,40.973026275634766,74670800
2018-01-12 00:00:00-05:00,41.18340555601736,41.45924133390934,41.05951433352114,41.39612579345703,101672400
2018-01-16 00:00:00-05:00,41.58546481936825,41.93376483703263,41.17405283422285,41.18574142456055,118263600
2018-01-17 00:00:00-05:00,41.17640187701026,41.901051900072744,40.923946795192215,41.865989685058594,137547200
2018-01-18 00:00:00-05:00,41.92908718934309,42.09973275509077,41.667279896046836,41.90337371826172,124773600
2018-01-19 00:00:00-05:00,41.75143946684489,41.97818459371661,41.470931097919724,41.71637725830078,129700400
2018-01-22 00:00:00-05:00,41.44521953992409,41.55742217931307,41.28158994771982,41.375091552734375,108434400
2018-01-23 00:00:00-05:00,41.44520916986427,41.94545012192714,41.33300655854965,41.384429931640625,130756400
2018-01-24 00:00:00-05:00,41.433527740131495,41.44521633156787,40.48680890350173,40.725242614746094,204420400
2018-01-25 00:00:00-05:00,40.793038750522214,40.89589266839285,39.862684472538135,39.99826431274414,166116000
2018-01-26 00:00:00-05:00,40.206301219057266,40.206301219057266,39.75281097181956,40.091758728027344,156572000
2018-01-29 00:00:00-05:00,39.77618297744424,39.77618297744424,39.05387305096097,39.26191711425781,202561600
2018-01-30 00:00:00-05:00,38.69389840650971,39.124011569632586,38.49987915462252,39.03050994873047,184192800
2018-01-31 00:00:00-05:00,39.00711592226718,39.37411693794769,38.92062678192371,39.13801956176758,129915600
2018-02-01 00:00:00-05:00,39.07724115522439,39.41618881952679,38.981399723422854,39.21983337402344,188923200
2018-02-02 00:00:00-05:00,38.8037598511883,38.990766636131845,37.42459150008796,37.51809310913086,346375200
2018-02-05 00:00:00-05:00,37.19083407744985,38.30819507475602,36.46618412011472,36.580726623535156,290954000
2018-02-06 00:00:00-05:00,36.19267842788692,38.270782705665994,35.99865925194776,38.10948944091797,272975200
2018-02-07 00:00:00-05:00,38.123518306819236,38.19598257725575,37.183815515739305,37.293678283691406,206434400
2018-02-08 00:00:00-05:00,37.46900825511856,37.63497773878801,36.23944442797,36.267494201660156,217562000
2018-02-09 00:00:00-05:00,36.86599613070262,37.0584569628266,35.262922282513344,36.71108627319336,282690400
2018-02-12 00:00:00-05:00,37.20164009234235,38.466730422889015,36.969275246625436,38.18977355957031,243278000
2018-02-13 00:00:00-05:00,38.011387447072025,38.66857795561748,37.94097353876356,38.57234573364258,130196800
2018-02-14 00:00:00-05:00,38.26722221611662,39.32342012499602,38.22967123455398,39.28351974487305,162579600
2018-02-15 00:00:00-05:00,39.85151934431027,40.62606519891659,39.666099508224036,40.602596282958984,204588800
2018-02-16 00:00:00-05:00,40.454725377080166,41.032115117639805,40.31624696133215,40.471153259277344,160704400
2018-02-20 00:00:00-05:00,40.381967200086905,40.900675720101226,40.234098347646515,40.335025787353516,135722000
2018-02-21 00:00:00-05:00,40.56503641863772,40.867811539145606,40.13786137607023,40.151947021484375,149886400
2018-02-22 00:00:00-05:00,40.32328263855121,40.82790900653201,40.30215954364588,40.487579345703125,123967600
2018-02-23 00:00:00-05:00,40.76218681135434,41.22691276622604,40.73167328929835,41.191707611083984,135249600
2018-02-26 00:00:00-05:00,41.39122004619365,42.10473876856565,41.358360702033096,42.006160736083984,152648800
2018-02-27 00:00:00-05:00,42.03668323356099,42.36058152900351,41.816054626517115,41.87003707885742,155712400
2018-02-28 00:00:00-05:00,42.07422201715211,42.39342858513631,41.790224188970356,41.8066520690918,151128400
2018-03-01 00:00:00-05:00,41.90523004911441,42.19627249006448,40.52513412020834,41.07435607910156,195208000
2018-03-02 00:00:00-05:00,40.557999950612896,41.37948720362311,40.475849792751795,41.35836410522461,153816000
2018-03-05 00:00:00-05:00,41.12364170727491,41.71745917963857,40.96169083637588,41.50152587890625,113605600
2018-03-06 00:00:00-05:00,41.75737398689694,41.83717475100933,41.33958930254335,41.466331481933594,95154000
2018-03-07 00:00:00-05:00,41.06026728930069,41.273854765458225,40.9030116386987,41.081390380859375,126814000
2018-03-08 00:00:00-05:00,41.18701833932262,41.57194361047891,41.09078970758341,41.52969741821289,95096400
2018-03-09 00:00:00-05:00,41.7691008104262,42.24790886845284,41.635314046604286,42.24321365356445,128740800
2018-03-12 00:00:00-04:00,42.315965732069564,42.80885934581812,42.29719203870298,42.65160369873047,128828400
2018-03-13 00:00:00-04:00,42.85580825010609,43.06939575890961,42.069529876916704,42.240867614746094,126774000
2018-03-14 00:00:00-04:00,42.3230244232332,42.369965835063375,41.73389842335402,41.88176727294922,117473600
2018-03-15 00:00:00-04:00,41.89584418772932,42.30424194138419,41.79492034377192,41.93104934692383,90975200
2018-03-16 00:00:00-04:00,41.931056957763644,42.0413712517957,41.68930527034882,41.7831916809082,157618800
2018-03-19 00:00:00-04:00,41.618891880252036,41.65409704324905,40.75985008912387,41.144775390625,133787200
2018-03-20 00:00:00-04:00,41.13070297241211,41.496851079059546,41.060289048502774,41.13070297241211,78597600
2018-03-21 00:00:00-04:00,41.083754981689786,41.095491231721496,40.196548916582934,40.19889831542969,148219600
2018-03-22 00:00:00-04:00,39.90079415284308,40.52981671806352,39.57220081002626,39.63087844848633,165963200
2018-03-23 00:00:00-04:00,39.5229238913069,39.88203087822492,38.713172912597656,38.713172912597656,164115200
2018-03-26 00:00:00-04:00,39.44780634373773,40.62840019813181,39.06522697707837,40.55094528198242,150164800
2018-03-27 00:00:00-04:00,40.764546408113944,41.109571370737015,39.17790360863543,39.511192321777344,163690400
2018-03-28 00:00:00-04:00,39.25535512087376,39.90550460608626,38.77185176834323,39.07462692260742,166674000
2018-03-29 00:00:00-04:00,39.386786515119255,40.31154688271614,39.173199002522075,39.37974548339844,153594000
2018-04-02 00:00:00-04:00,39.11217992291302,39.65201509761951,38.60285827668735,39.12156677246094,150347200
2018-04-03 00:00:00-04:00,39.34688574711688,39.60741466237426,38.69908576549835,39.522918701171875,121112000
2018-04-04 00:00:00-04:00,38.6990998362963,40.37258462596471,38.67328151705817,40.27870178222656,138422000
2018-04-05 00:00:00-04:00,40.50636584058401,40.89363699423224,40.389010511429944,40.55800247192383,107732800
2018-04-06 00:00:00-04:00,40.128480014153794,40.48289180544125,39.47833051252819,39.52058029174805,140021200
2018-04-09 00:00:00-04:00,39.872632439602654,40.6260513573316,39.86559140907428,39.912532806396484,116070800
2018-04-10 00:00:00-04:00,40.60492709601596,40.83963765726461,40.25990228446854,40.663604736328125,113634400
2018-04-11 00:00:00-04:00,40.42420468274402,40.820866160421915,40.29980835418697,40.47349548339844,89726400
2018-04-12 00:00:00-04:00,40.70116364800726,41.074352620855194,40.61431829568591,40.872501373291016,91557200
2018-04-13 00:00:00-04:00,41.0227225756048,41.27151526401716,40.804443414359966,41.010986328125,100497200
2018-04-16 00:00:00-04:00,41.08139942006313,41.353664598056646,41.0344580124711,41.266822814941406,86313600
2018-04-17 00:00:00-04:00,41.42409134128301,41.99913182069293,41.40531405614542,41.834835052490234,106421600
2018-04-18 00:00:00-04:00,41.7339028752358,41.970962939576346,41.51562367531091,41.740943908691406,83018000
2018-04-19 00:00:00-04:00,40.78332269831539,41.165902217405765,40.52514312301671,40.55800247192383,139235200
2018-04-20 00:00:00-04:00,40.04162908827687,40.18714851166951,38.8281721559885,38.896240234375,261964400
2018-04-23 00:00:00-04:00,39.156765922577186,39.17788901493464,38.51365765341196,38.78357696533203,146062000
2018-04-24 00:00:00-04:00,38.88451055807703,39.03942043706122,37.84004894625956,38.243751525878906,134768000
2018-04-25 00:00:00-04:00,38.16863731070807,38.82582771877816,38.11935008940759,38.4103889465332,113528400
2018-04-26 00:00:00-04:00,38.520716951774844,38.898601302546695,38.34468393585133,38.544189453125,111852000
2018-04-27 00:00:00-04:00,38.49254056570322,38.56999549782901,37.70156694524858,38.098228454589844,142623200
2018-04-30 00:00:00-04:00,38.053631107612816,39.25769406239759,37.98556302734298,38.788272857666016,169709600
2018-05-01 00:00:00-04:00,39.05819542045914,39.71303647925035,38.79062545495093,39.68956756591797,214277600
2018-05-02 00:00:00-04:00,41.1283333112394,41.71980496672397,40.792698905965494,41.442848205566406,266157600
2018-05-03 00:00:00-04:00,41.28090316830111,41.66113320985868,40.94291931740563,41.51795959472656,136272800
2018-05-04 00:00:00-04:00,41.8371686901322,43.24543243285755,41.81839141046121,43.146854400634766,224805200
2018-05-07 00:00:00-04:00,43.463706525898886,44.04813720028736,43.36278268851024,43.459014892578125,169805600
2018-05-08 00:00:00-04:00,43.41911884558,43.70781190513855,43.109299108375836,43.667911529541016,113611200
2018-05-09 00:00:00-04:00,43.78527631777293,43.984778238947406,43.47311069609928,43.97539138793945,92844800
2018-05-10 00:00:00-04:00,44.064576659526814,44.681863204805836,44.04344998015062,44.604408264160156,111957200
2018-05-11 00:00:00-04:00,44.646809654593504,44.78110870210072,44.16615172774492,44.43475341796875,104848800
2018-05-14 00:00:00-04:00,44.53371864959899,44.65623981059255,44.26276205405801,44.33108901977539,83115200
2018-05-15 00:00:00-04:00,44.00830061465196,44.076631181678145,43.61246796024898,43.928192138671875,94780800
2018-05-16 00:00:00-04:00,43.84102332814337,44.40414481398957,43.824528500318344,44.33816909790039,76732400
2018-05-17 00:00:00-04:00,44.29574794788918,44.510159080061804,43.90933837555642,44.057777404785156,69176000
2018-05-18 00:00:00-04:00,44.104910749769196,44.25099135745233,43.85515864171319,43.89756774902344,73190800
2018-05-21 00:00:00-04:00,44.295752863411764,44.59498581760541,44.03893260593715,44.20857620239258,73603200
2018-05-22 00:00:00-04:00,44.385286984121706,44.50309483483212,44.008300423764275,44.097835540771484,60962800
2018-05-23 00:00:00-04:00,43.90697568932282,44.4135478742075,43.767959730195656,44.38056182861328,80233600
2018-05-24 00:00:00-04:00,44.47717318699425,44.49366441518397,43.873997617810524,44.33108901977539,92936000
2018-05-25 00:00:00-04:00,44.3499366417125,44.68451046232307,44.21327912142766,44.432403564453125,69844000
2018-05-29 00:00:00-04:00,44.20150444915725,44.472461051919346,44.02950240859062,44.272186279296875,90056400
2018-05-30 00:00:00-04:00,44.22977610630169,44.29574820963541,44.00829679001992,44.177940368652344,74762000
2018-05-31 00:00:00-04:00,44.111965976448204,44.349936508610654,43.857500621703196,44.02949905395508,109931200
2018-06-01 00:00:00-04:00,44.293393009412675,44.82823801484715,44.23684395189632,44.82352828979492,93770000
2018-06-04 00:00:00-04:00,45.15338689688778,45.57278250226014,45.0850599344167,45.19815444946289,105064800
2018-06-05 00:00:00-04:00,45.49032571725215,45.69531022935619,45.32303698544506,45.546871185302734,86264000
2018-06-06 00:00:00-04:00,45.62226003673747,45.72828636153599,45.21935568825165,45.7047233581543,83734400
2018-06-07 00:00:00-04:00,45.74243513194571,45.756571499725034,45.31832612251338,45.582218170166016,85388800
2018-06-08 00:00:00-04:00,45.04265402342088,45.23821549056052,44.71279347355301,45.16753005981445,106627200
2018-06-11 00:00:00-04:00,45.085073361177756,45.231153969750345,44.81647156094477,45.05679702758789,73234000
2018-06-12 00:00:00-04:00,45.094482345524824,45.381933746768155,45.03793329119162,45.30418014526367,67644400
2018-06-13 00:00:00-04:00,45.33718229117637,45.44556711832646,44.87066411172824,44.931922912597656,86553600
2018-06-14 00:00:00-04:00,45.132190452604284,45.13690377351365,44.818821123524955,44.95547866821289,86440400
2018-06-15 00:00:00-04:00,44.77405085873973,44.80468204998491,44.35701006610469,44.49366760253906,246876800
2018-06-18 00:00:00-04:00,44.26748598323643,44.583210209144134,44.10726541196885,44.470115661621094,73939600
2018-06-19 00:00:00-04:00,43.62188694452313,43.90227017955534,43.223695869239414,43.7514762878418,134314000
2018-06-20 00:00:00-04:00,43.90698086547268,44.10725202475832,43.76089670758285,43.94232177734375,82514800
2018-06-21 00:00:00-04:00,44.11904287817479,44.37822160419487,43.57477114874314,43.69729232788086,102847600
2018-06-22 00:00:00-04:00,43.85279121043432,43.859859393539764,43.51821736100589,43.57005310058594,108801600
2018-06-25 00:00:00-04:00,43.21190629335723,43.5700430674738,42.58281297536606,42.92210006713867,126652400
2018-06-26 00:00:00-04:00,43.11530634927581,43.94938411540659,43.00927643734278,43.45458984375,98276800
2018-06-27 00:00:00-04:00,43.64310583179044,44.12611885455681,43.36036764133562,43.39099884033203,101141200
2018-06-28 00:00:00-04:00,43.37684271328096,43.873991879852326,43.306157299059485,43.706703186035156,69460800
2018-06-29 00:00:00-04:00,43.89285102711627,44.10490733287168,43.09647233589699,43.61482620239258,90950800
2018-07-02 00:00:00-04:00,43.310881360931305,44.13082302172207,43.21663292019015,44.10254669189453,70925200
2018-07-03 00:00:00-04:00,44.246281600809105,44.28398098492946,43.244914629583356,43.334449768066406,55819200
2018-07-05 00:00:00-04:00,43.65015756585503,43.92111774246245,43.41925521678168,43.683143615722656,66416800
2018-07-06 00:00:00-04:00,43.6878565456575,44.39705840908352,43.636020811298415,44.28867721557617,69940800
2018-07-09 00:00:00-04:00,44.649171565377365,44.92719634335544,44.6020491482026,44.90363693237305,79026400
2018-07-10 00:00:00-04:00,44.934270952056835,45.0685700292257,44.80939132562234,44.849449157714844,63756400
2018-07-11 00:00:00-04:00,44.41355569937035,44.715143482285086,44.203857887887295,44.26747512817383,75326000
2018-07-12 00:00:00-04:00,44.65624289633007,45.09920155846209,44.60440715522057,45.009666442871094,72164400
2018-07-13 00:00:00-04:00,45.021448857587984,45.200515497182295,44.979036161635726,45.080352783203125,50055600
2018-07-16 00:00:00-04:00,45.12511762037944,45.391360903359555,44.86593892521994,44.98139190673828,60172400
2018-07-17 00:00:00-04:00,44.708081328191334,45.20758548689798,44.578491967618255,45.10862731933594,62138000
2018-07-18 00:00:00-04:00,45.18636055558849,45.1910738743591,44.75047024713303,44.861209869384766,65573600
2018-07-19 00:00:00-04:00,44.693942903525354,45.36780395227822,44.693942903525354,45.20994186401367,81147200
2018-07-20 00:00:00-04:00,45.18637831095939,45.33952707669777,44.80703689306761,45.10626983642578,82704800
2018-07-23 00:00:00-04:00,44.92720728084659,45.2287987336492,44.66331880425651,45.146331787109375,63957600
2018-07-24 00:00:00-04:00,45.344238015820956,45.62933457754806,45.24999317957946,45.47382736206055,74791600
2018-07-25 00:00:00-04:00,45.487963024230176,45.90971710862951,45.33952399399678,45.90264892578125,66839600
2018-07-26 00:00:00-04:00,45.85316358781776,46.171246165870855,45.61754792858129,45.75891876220703,76304000
2018-07-27 00:00:00-04:00,45.94271573208049,45.98983816236677,44.79055487480751,44.997894287109375,96096000
2018-07-30 00:00:00-04:00,45.21465005836353,45.2853354853208,44.547860810814726,44.74577713012695,84118000
2018-07-31 00:00:00-04:00,44.837674162581855,45.27120624316856,44.61148147976534,44.8353157043457,157492000
2018-08-01 00:00:00-04:00,46.918146914157724,47.53781364713079,46.489324692851646,47.47655487060547,271742800
2018-08-02 00:00:00-04:00,47.259795643672035,49.097598749071246,47.20560504150239,48.86433792114258,249616000
2018-08-03 00:00:00-04:00,48.7795179485394,49.182422376318144,48.414312895506896,49.00571060180664,133789600
2018-08-06 00:00:00-04:00,49.00807087516418,49.30259053186589,48.78894997627922,49.26018142700195,101701600
2018-08-07 00:00:00-04:00,49.31908266786328,49.361491770413686,48.71590342386616,48.798370361328125,102349600
2018-08-08 00:00:00-04:00,48.548614122141466,48.96329644635382,48.1881224005045,48.83135223388672,90102000
2018-08-09 00:00:00-04:00,49.36855326479255,49.42745718493813,48.819568297610594,49.21540451049805,93970400
2018-08-10 00:00:00-04:00,49.02860336623843,49.44001366199611,48.86545784192387,49.06879806518555,98444800
2018-08-13 00:00:00-04:00,49.48967042478114,49.877435128986555,49.10899869137438,49.38563537597656,103563600
2018-08-14 00:00:00-04:00,49.690661587811235,49.7852369637203,49.24141953269484,49.593719482421875,82992000
2018-08-15 00:00:00-04:00,49.46839996655359,49.82779284898479,49.25796671198787,49.709571838378906,115230400
2018-08-16 00:00:00-04:00,50.066608466546114,50.553678554896315,50.000404975381215,50.43782424926758,114001600
2018-08-17 00:00:00-04:00,50.4661720946504,51.53252402645565,50.399968635033375,51.44504165649414,141708000
2018-08-20 00:00:00-04:00,51.56800870100237,51.823362921071144,50.861045725428916,50.94380187988281,121150800
2018-08-21 00:00:00-04:00,51.260634158592694,51.3528464083779,50.60568870827155,50.8444938659668,104639200
2018-08-22 00:00:00-04:00,50.62224357048316,51.156601296459534,50.56076632942316,50.84686279296875,76072400
2018-08-23 00:00:00-04:00,50.75228315845391,51.31974622714638,50.74046394254264,50.950897216796875,75532800
2018-08-24 00:00:00-04:00,51.21333375337259,51.28426346034547,50.861033908194834,51.10929870605469,73905600
2018-08-27 00:00:00-04:00,51.343375438036134,51.71932093494493,51.14949488701187,51.53016662597656,82100400
2018-08-28 00:00:00-04:00,51.7831663768743,52.14492238496493,51.761887460591076,51.946311950683594,91107200
2018-08-29 00:00:00-04:00,52.0527085641898,52.8424276423776,51.8777437807323,52.721839904785156,109019200
2018-08-30 00:00:00-04:00,52.78568406644188,53.9702573574271,52.58470689450583,53.20655059814453,195175200
2018-08-31 00:00:00-04:00,53.556486775291695,54.11449015060924,53.43590263011833,53.82130432128906,173360400
2018-09-04 00:00:00-04:00,54.00571549067332,54.18777322429528,53.58484903952322,53.993892669677734,109560400
2018-09-05 00:00:00-04:00,54.14285726319419,54.30363609852174,53.22309798700196,53.641597747802734,133332000
2018-09-06 00:00:00-04:00,53.49027078929188,53.75508827339755,52.32461350158914,52.75020980834961,137160000
2018-09-07 00:00:00-04:00,52.45467077300354,53.286944199899885,52.18512697755496,52.32462692260742,150479200
2018-09-10 00:00:00-04:00,52.2418677340193,52.45466773356044,51.18260841073498,51.62239074707031,158066000
2018-09-11 00:00:00-04:00,51.54671589005231,53.033937997206316,51.203875733106486,52.92753982543945,142996000
2018-09-12 00:00:00-04:00,53.18527415765987,53.19946010310294,51.97941828552849,52.27024459838867,197114800
2018-09-13 00:00:00-04:00,52.8495271742845,53.99154269031417,52.624907951969114,53.53284454345703,166825600
2018-09-14 00:00:00-04:00,53.37678363174455,53.63450455616086,52.613076951433094,52.92517852783203,127997200
2018-09-17 00:00:00-04:00,52.5255883134687,52.714742633075524,51.371753818722354,51.51598358154297,148780400
2018-09-18 00:00:00-04:00,51.49471056093672,52.45466827869166,51.336294826285084,51.601112365722656,126286800
2018-09-19 00:00:00-04:00,51.66257836751287,51.92739226002057,50.90596466904896,51.631839752197266,108495200
2018-09-20 00:00:00-04:00,52.07398836223533,52.55632846390417,51.81626383542605,52.02433395385742,106435200
2018-09-21 00:00:00-04:00,52.20165651327095,52.33879328530278,51.37647276025489,51.463958740234375,384986800
2018-09-24 00:00:00-04:00,51.265357635641195,52.31515711505072,51.220433077107394,52.20402908325195,110773600
2018-09-25 00:00:00-04:00,51.95813791715987,52.684016706504345,51.94631509368086,52.535057067871094,98217600
2018-09-26 00:00:00-04:00,52.25368725227918,52.90390281763559,51.960497843994546,52.11655044555664,95938800
2018-09-27 00:00:00-04:00,52.92044888482368,53.53992575525717,52.8542418072406,53.187625885009766,120724800
2018-09-28 00:00:00-04:00,53.14980117088278,53.39806601850307,52.96774340940435,53.37442398071289,91717600
2018-10-01 00:00:00-04:00,53.89695216428858,54.24452218637405,53.51864713609809,53.73380661010742,94403200
2018-10-02 00:00:00-04:00,53.7314374289486,54.38165284338032,53.58484456274216,54.2114143371582,99152800
2018-10-03 00:00:00-04:00,54.39349883270777,55.202130277796414,54.32965846372666,54.87111282348633,114619200
2018-10-04 00:00:00-04:00,54.56608563865395,54.937301318347934,53.60849479660541,53.90641403198242,128168000
2018-10-05 00:00:00-04:00,53.89931955853073,54.00571773627825,52.15437645532441,53.03157424926758,134322000
2018-10-08 00:00:00-04:00,52.53978140728469,53.15216535637329,52.06453065114557,52.90863037109375,118655600
2018-10-09 00:00:00-04:00,52.87789106435932,53.73617671665903,52.549236814198565,53.641597747802734,107564000
2018-10-10 00:00:00-04:00,53.30822500274197,53.51865827828025,51.08330449551882,51.15660095214844,167962400
2018-10-11 00:00:00-04:00,50.721539244147124,51.89901940310349,50.20136756167063,50.704986572265625,212497600
2018-10-12 00:00:00-04:00,52.11654858627355,52.698197531427574,51.27008573845108,52.516136169433594,161351600
2018-10-15 00:00:00-04:00,52.29150849334037,52.44992418497444,51.37174934722611,51.393028259277344,123164000
2018-10-16 00:00:00-04:00,51.764252977522055,52.72421066994395,51.251174194641926,52.525596618652344,116736000
2018-10-17 00:00:00-04:00,52.56105763845365,52.64144705306185,51.86118772679396,52.298606872558594,91541600
2018-10-18 00:00:00-04:00,51.51125481132157,51.955766930543895,50.36214653480621,51.076202392578125,130325200
2018-10-19 00:00:00-04:00,51.558542953192145,52.31515664645652,51.40958333577089,51.854095458984375,132314800
2018-10-22 00:00:00-04:00,51.9675848788607,52.811684539021144,51.76661134631194,52.17092514038086,115168400
2018-10-23 00:00:00-04:00,51.0312752497084,52.785674386526175,50.76409464590403,52.662723541259766,155071200
2018-10-24 00:00:00-04:00,52.63199757568536,53.017395633132395,50.72627177410019,50.85631561279297,163702000
2018-10-25 00:00:00-04:00,51.47578872209439,52.3435304176031,51.248802817676285,51.96995162963867,119423200
2018-10-26 00:00:00-04:00,51.04782749681985,52.06216571984942,50.28412082995475,51.14240646362305,189033600
2018-10-29 00:00:00-04:00,51.82572833174674,51.94394934491909,48.728336343503514,50.182456970214844,183742000
2018-10-30 00:00:00-04:00,49.92471875428704,50.877579571015985,49.48021031974566,50.43307113647461,146640000
2018-10-31 00:00:00-04:00,51.27954555631616,52.12364167690508,51.21806832318598,51.74769973754883,153435600
2018-11-01 00:00:00-04:00,51.792635302853604,52.57525796442497,51.26300377595323,52.54215621948242,233292800
2018-11-02 00:00:00-04:00,49.54643601853852,50.515846331621,48.57229224609191,49.05699920654297,365314800
2018-11-05 00:00:00-05:00,48.30509263572986,48.32637154602719,46.85570228184564,47.66433334350586,264654800
2018-11-06 00:00:00-05:00,47.74237510519479,48.40441352241418,47.68799444752672,48.17979431152344,127531600
2018-11-07 00:00:00-05:00,48.69996814378195,49.66701523890736,48.26491564822979,49.64100646972656,133697600
2018-11-08 00:00:00-05:00,49.82131414178584,49.85453137063265,49.05494289170183,49.46778869628906,101450400
2018-11-09 00:00:00-05:00,48.77022964453493,48.87937043055105,47.98724786748592,48.513980865478516,137463200
2018-11-12 00:00:00-05:00,47.21612935039931,47.41780773297329,45.97996678297015,46.07012939453125,204542000
2018-11-13 00:00:00-05:00,45.46747474101187,46.784303647550004,45.42476479992899,45.609832763671875,187531600
2018-11-14 00:00:00-05:00,46.006077416821554,46.14369273389911,44.11505882624037,44.32148361206055,243204000
2018-11-15 00:00:00-05:00,44.69872449335649,45.548140683443364,44.345195403445636,45.4152717590332,185915200
2018-11-16 00:00:00-05:00,45.19935909025038,46.259942766410056,44.952603027303574,45.918277740478516,147713200
2018-11-19 00:00:00-05:00,45.080738951970936,45.246825160870316,43.89203234926841,44.098453521728516,167701200
2018-11-20 00:00:00-05:00,42.32131712569472,43.05684633458593,41.64273330485172,41.99151611328125,271300800
2018-11-21 00:00:00-05:00,42.64400598376729,42.7721322184991,41.889498500776384,41.944068908691406,124496800
2018-11-23 00:00:00-05:00,41.50748276383768,41.901346788253655,40.833645463053145,40.87872314453125,94496000
2018-11-26 00:00:00-05:00,41.34139771589679,41.50985523537514,40.397072578660236,41.431556701660156,179994000
2018-11-27 00:00:00-05:00,40.693662435434945,41.467155183306716,40.54418668522253,41.34140396118164,165549600
2018-11-28 00:00:00-05:00,41.932203103325314,43.01414023001662,41.50512170583987,42.93109893798828,184250000
2018-11-29 00:00:00-05:00,43.33918830928703,43.37240554234032,42.16234247178632,42.601287841796875,167080000
2018-11-30 00:00:00-05:00,42.77685634955922,42.78634905488181,42.00336740445758,42.371131896972656,158126000
2018-12-03 00:00:00-05:00,43.76626831349695,43.88015544911543,42.99515063572571,43.8516845703125,163210000
2018-12-04 00:00:00-05:00,42.9334627157085,43.27512777330079,41.823054898940676,41.922706604003906,165377200
2018-12-06 00:00:00-05:00,40.75297981442607,41.469527189200136,40.43504289397928,41.455291748046875,172393600
2018-12-07 00:00:00-05:00,41.163450556848574,41.40071754199759,39.9320343246601,39.977115631103516,169126400
2018-12-10 00:00:00-05:00,39.14905645625793,40.356744662283546,38.7528209859677,40.24048614501953,248104000
2018-12-11 00:00:00-05:00,40.72926047741938,40.76010273038026,39.623595215094355,40.01034164428711,189126800
2018-12-12 00:00:00-05:00,40.43029324768022,40.79094008262468,40.10286726659763,40.121849060058594,142510800
2018-12-13 00:00:00-05:00,40.45165403262589,40.94516985024621,40.22862246288901,40.560794830322266,127594400
2018-12-14 00:00:00-05:00,40.09812414539299,40.11710594038405,39.215490590548214,39.262943267822266,162814800
2018-12-17 00:00:00-05:00,39.255824356252,39.943900827275144,38.61045782776475,38.897552490234375,177151600
2018-12-18 00:00:00-05:00,39.239220208007154,39.74934284350836,39.00432455915935,39.40293502807617,135366000
2018-12-19 00:00:00-05:00,39.38632372817106,39.730360169185076,37.74680781733559,38.17388916015625,196189200
2018-12-20 00:00:00-05:00,38.05762010916007,38.463348216247596,36.84756074809764,37.21057891845703,259092000
2018-12-21 00:00:00-05:00,37.21770799988889,37.5261558756445,35.502268316215726,35.76325988769531,382978400
2018-12-24 00:00:00-05:00,35.151107914787005,35.95781796306272,34.780971939167266,34.83791732788086,148676800
2018-12-26 00:00:00-05:00,35.18669870684758,37.30549139242431,34.811816392339566,37.291255950927734,234330000
2018-12-27 00:00:00-05:00,36.975695536789914,37.196355771925646,35.60666728965384,37.04924774169922,212468400
2018-12-28 00:00:00-05:00,37.369555992471305,37.611569368803295,36.66961900113825,37.0682258605957,169165600
2018-12-31 00:00:00-05:00,37.61393391895783,37.81086594612177,37.12753588756801,37.42649459838867,140014000
2019-01-02 00:00:00-05:00,36.75027775052016,37.68985646575044,36.593680694580726,37.46919631958008,148158800
2019-01-03 00:00:00-05:00,34.16170590164323,34.57455183641599,33.69191819683805,33.73699951171875,365248800
2019-01-04 00:00:00-05:00,34.292195516680664,35.24600976737911,34.11899163910133,35.17720031738281,234428400
2019-01-07 00:00:00-05:00,35.28160408429917,35.31244995449789,34.61725572428317,35.098907470703125,219111200
2019-01-08 00:00:00-05:00,35.48565323681881,36.021878993464554,35.238897140785376,35.768001556396484,164101200
2019-01-09 00:00:00-05:00,35.89612775325254,36.66487424188444,35.502267230819925,36.37540817260742,180396400
2019-01-10 00:00:00-05:00,36.183217066092084,36.53199984154206,35.79409933557466,36.49166488647461,143122800
2019-01-11 00:00:00-05:00,36.273378795691265,36.46793584598435,35.94832055566885,36.13338851928711,108092800
2019-01-14 00:00:00-05:00,35.791735812990616,35.891387539186205,35.404989364339656,35.590057373046875,129756800
2019-01-15 00:00:00-05:00,35.65411403047625,36.39438593118797,35.601914999486866,36.31846237182617,114843600
2019-01-16 00:00:00-05:00,36.320836811858406,36.98518520942271,36.30185501531,36.76215362548828,122278800
2019-01-17 00:00:00-05:00,36.58657410659207,37.40751959655014,36.36354252641356,36.980438232421875,119284800
2019-01-18 00:00:00-05:00,37.369549802011335,37.45971241403209,37.00890297433515,37.20820999145508,135004000
2019-01-22 00:00:00-05:00,37.11093212681015,37.186855683764556,36.21168817452131,36.37303161621094,121576000
2019-01-23 00:00:00-05:00,36.57470818551413,36.80960382903162,35.99340473442524,36.520137786865234,92522400
2019-01-24 00:00:00-05:00,36.56522597464914,36.65301362642966,36.00290421307908,36.23067855834961,101766000
2019-01-25 00:00:00-05:00,36.89026785958372,37.519027508765205,36.615040923074886,37.431236267089844,134142000
2019-01-28 00:00:00-05:00,36.96383036040819,37.09195658871479,36.45845402993215,37.0848388671875,104768400
2019-01-29 00:00:00-05:00,37.07297331497307,37.519036488429236,36.565222017267494,36.700462341308594,166348800
2019-01-30 00:00:00-05:00,38.73383999592237,39.42191288765638,38.017292600660475,39.2083740234375,244439200
2019-01-31 00:00:00-05:00,39.41242410665209,40.098125636928835,39.04465950838577,39.49072265625,162958400
2019-02-01 00:00:00-05:00,39.6140873572307,40.093363938630105,39.369699093915415,39.50968933105469,130672400
2019-02-04 00:00:00-05:00,39.72086886633868,40.72925360434192,39.69002299817537,40.63197326660156,125982000
2019-02-05 00:00:00-05:00,41.01397692943241,41.54070999970741,40.89297205344229,41.32716751098633,144406400
2019-02-06 00:00:00-05:00,41.43868068103189,41.6569695100412,41.01160297138825,41.34140396118164,112958400
2019-02-07 00:00:00-05:00,40.90482219115942,41.27021533462275,40.41605283598708,40.558414459228516,126966800
2019-02-08 00:00:00-05:00,40.26772675841334,40.66566171177282,40.1319027544141,40.6060905456543,95280000
2019-02-11 00:00:00-05:00,40.75857827237781,40.796704677929405,40.329665299757814,40.372554779052734,83973600
2019-02-12 00:00:00-05:00,40.5322157324539,40.74667043828146,40.436899701914584,40.720458984375,89134000
2019-02-13 00:00:00-05:00,40.83959548318567,41.099324812062115,40.48931684716783,40.55126953125,89960800
2019-02-14 00:00:00-05:00,40.43928339998026,40.80862164255103,40.36064904112932,40.699012756347656,87342800
2019-02-15 00:00:00-05:00,40.80623995233979,40.91346730094003,40.44881303304922,40.608463287353516,98507200
2019-02-19 00:00:00-05:00,40.43928420861173,40.851515580587275,40.38686130166285,40.72998809814453,75891200
2019-02-20 00:00:00-05:00,40.791941569049854,41.29948893444707,40.74428537587072,40.99209976196289,104457600
2019-02-21 00:00:00-05:00,40.93728769197398,41.07310799901791,40.579860855843705,40.760955810546875,68998800
2019-02-22 00:00:00-05:00,40.8848794625303,41.22324321911487,40.83722326114031,41.216094970703125,75652800
2019-02-25 00:00:00-05:00,41.49965268531831,41.907117372895385,41.44961131242088,41.51633071899414,87493600
2019-02-26 00:00:00-05:00,41.39241061710472,41.77128217748678,41.26373492448921,41.54014587402344,68280800
2019-02-27 00:00:00-05:00,41.273273603636405,41.69980140101289,41.158894387635335,41.6688232421875,111341600
2019-02-28 00:00:00-05:00,41.53777599764727,41.678363048433425,41.2041753537565,41.25897979736328,112861600
2019-03-01 00:00:00-05:00,41.52823291281517,41.73553931695009,41.197017519159516,41.692649841308594,103544800
2019-03-04 00:00:00-05:00,41.86422496802693,42.35509069759693,41.45437513566205,41.90235137939453,109744800
2019-03-05 00:00:00-05:00,41.923781668935256,41.93807815928566,41.59018113838086,41.82608413696289,78949600
2019-03-06 00:00:00-05:00,41.621171381521776,41.81656650222476,41.44722463850816,41.58543014526367,83241600
2019-03-07 00:00:00-05:00,41.43054036805001,41.56636432916655,40.98971605951243,41.10409164428711,99185600
2019-03-08 00:00:00-05:00,40.58464114771072,41.23992389992285,40.38924599998411,41.20179748535156,95997600
2019-03-11 00:00:00-04:00,41.81656454463562,42.68153514499979,41.783204847044914,42.629112243652344,128044000
2019-03-12 00:00:00-04:00,42.891222911242956,43.52744228144765,42.74110246755472,43.108062744140625,129870400
2019-03-13 00:00:00-04:00,43.42737051589921,43.67757008556457,43.110451545781046,43.29869842529297,124130000
2019-03-14 00:00:00-04:00,43.82054106149008,43.868200895214414,43.501240536772094,43.780033111572266,94318000
2019-03-15 00:00:00-04:00,44.04690286026948,44.63784755758058,43.782406850290364,44.34952163696289,156171600
2019-03-18 00:00:00-04:00,44.27328067856524,44.89043693766361,44.2708955054987,44.80227279663086,104879200
2019-03-19 00:00:00-04:00,44.88090720826174,45.03340921139079,44.30187372223758,44.447227478027344,126585600
2019-03-20 00:00:00-04:00,44.375737368520994,45.152547444755115,44.018310490038075,44.835628509521484,124140800
2019-03-21 00:00:00-04:00,45.2788486767774,46.782424185578755,45.22880730216157,46.4869499206543,204136800
2019-03-22 00:00:00-04:00,46.546504437841726,47.10647460051664,45.459927440929704,45.52426528930664,169630800
2019-03-25 00:00:00-04:00,45.633888431682614,45.745882499269285,44.46391365530103,44.97384262084961,175381200
2019-03-26 00:00:00-04:00,45.66964227513923,45.96034987328252,43.98258631795769,44.509193420410156,199202000
2019-03-27 00:00:00-04:00,44.97621952108113,45.21688566494624,44.45199411345279,44.90950012207031,119393600
2019-03-28 00:00:00-04:00,45.023882513727365,45.16923629122064,44.68551875738491,44.969078063964844,83121600
2019-03-29 00:00:00-04:00,45.23356826498443,45.29313941789581,44.92617907983829,45.26216125488281,94256000
2019-04-01 00:00:00-04:00,45.66485430363971,45.67438408651486,44.88804792365926,45.569541931152344,111448000
2019-04-02 00:00:00-04:00,45.533803597504026,46.33682517645646,45.52427381326158,46.23197937011719,91062800
2019-04-03 00:00:00-04:00,46.048497688881305,46.822922617672326,46.024667775160154,46.54889678955078,93087200
2019-04-04 00:00:00-04:00,46.41545501139502,46.791945110655476,46.02228688104425,46.629913330078125,76457200
2019-04-05 00:00:00-04:00,46.811005131413616,46.965892290363215,46.68709613144077,46.94206237792969,74106400
2019-04-08 00:00:00-04:00,46.80386254716306,47.71172632732698,46.78479934209682,47.68075180053711,103526800
2019-04-09 00:00:00-04:00,47.73317972192877,48.33603955625865,47.4734467070478,47.537784576416016,143072800
2019-04-10 00:00:00-04:00,47.342391815910105,47.833261241829014,47.22324949267385,47.804664611816406,86781200
2019-04-11 00:00:00-04:00,47.85946981978605,47.89521106023314,47.285202983703144,47.4067268371582,83603200
2019-04-12 00:00:00-04:00,47.46628769869107,47.69027578606465,46.75381913013985,47.38765335083008,111042800
2019-04-15 00:00:00-04:00,47.31856233696164,47.621184835604666,47.18273835239689,47.473445892333984,70146400
2019-04-16 00:00:00-04:00,47.528248000421726,47.98336882392176,47.313789678479274,47.478206634521484,102785600
2019-04-17 00:00:00-04:00,47.54731119326293,48.46232689195172,47.32570824322464,48.40275573730469,115627200
2019-04-18 00:00:00-04:00,48.400358790031696,48.6457915965976,48.257390235218836,48.576690673828125,96783200
2019-04-22 00:00:00-04:00,48.33126412020742,48.83404475360525,48.214503361460345,48.73634719848633,77758000
2019-04-23 00:00:00-04:00,48.71252407529548,49.503630774436516,48.58623351509709,49.439292907714844,93292000
2019-04-24 00:00:00-04:00,49.410689482360645,49.67756704213216,49.33682184606203,49.363033294677734,70162400
2019-04-25 00:00:00-04:00,49.28439611749792,49.50599901366292,48.87692791895943,48.91505432128906,74172800
2019-04-26 00:00:00-04:00,48.8245100123111,48.84833992518488,48.16207915688333,48.681541442871094,74596400
2019-04-29 00:00:00-04:00,48.705379310244844,49.07948794297143,48.57670720353527,48.75542068481445,88818800
2019-04-30 00:00:00-04:00,48.386081911369374,48.467097822196386,47.44485824257584,47.81658172607422,186139600
2019-05-01 00:00:00-04:00,50.01115999790759,51.30504329397284,49.856272866650684,50.16366195678711,259309200
2019-05-02 00:00:00-04:00,50.00164383738716,50.6712230384966,49.59417917290959,49.83722686767578,127985200
2019-05-03 00:00:00-04:00,50.25183551985448,50.478205146321336,50.094566822586664,50.45676040649414,83569600
2019-05-06 00:00:00-04:00,48.67916480446681,49.76336058348923,48.490921549124295,49.67757797241211,129772400
2019-05-07 00:00:00-04:00,49.058041478715104,49.424998214271085,47.854703353083195,48.33842086791992,155054800
2019-05-08 00:00:00-04:00,48.10965396395561,48.92935347903369,48.07391273228292,48.347938537597656,105358000
2019-05-09 00:00:00-04:00,47.752234575494825,48.05723858660724,46.86105245762417,47.828487396240234,139634400
2019-05-10 00:00:00-04:00,47.223299584031466,47.56536064029775,46.11101077401089,47.165889739990234,164834800
2019-05-13 00:00:00-04:00,44.900658286424814,45.324043662968705,43.73813514502486,44.424644470214844,229722400
2019-05-14 00:00:00-04:00,44.589690316645736,45.37666407819567,44.35048807727735,45.12789535522461,146118800
2019-05-15 00:00:00-04:00,44.55619496049758,45.86702199876712,44.49639441030362,45.66848373413086,106178800
2019-05-16 00:00:00-04:00,45.42689968507999,46.03925685450639,45.170951528362195,45.46756362915039,132125600
2019-05-17 00:00:00-04:00,44.7140629787205,45.66369595129546,44.67339904500029,45.20921325683594,131516400
2019-05-20 00:00:00-04:00,43.89839872325471,44.09693703228056,43.12338210548431,43.79553985595703,154449200
2019-05-21 00:00:00-04:00,44.30503541950881,44.97001729820006,44.18064924329761,44.635135650634766,113459200
2019-05-22 00:00:00-04:00,44.171075781629334,44.422238802588666,43.66635903186872,43.72137451171875,118994400
2019-05-23 00:00:00-04:00,43.008562935243226,43.18557025463366,42.53254916971738,42.975074768066406,146118800
2019-05-24 00:00:00-04:00,43.104241988346736,43.56829490792796,42.726302019305706,42.81002426147461,94858800
2019-05-28 00:00:00-04:00,42.79806863981353,43.19753598272842,42.55647566713429,42.633018493652344,111792800
2019-05-29 00:00:00-04:00,42.200055575560086,42.90091998412499,42.09959108029265,42.429691314697266,113924800
2019-05-30 00:00:00-04:00,42.56603514665155,42.87221370220988,42.259856591093225,42.649757385253906,84873600
2019-05-31 00:00:00-04:00,42.15460420382392,42.57560242696121,41.85799580108924,41.877132415771484,108174400
2019-06-03 00:00:00-04:00,42.00392038007167,42.558867752574955,40.72897183362754,41.45375442504883,161584400
2019-06-04 00:00:00-04:00,41.96563498785348,43.01573251076257,41.74556939956014,42.97028350830078,123872000
2019-06-05 00:00:00-04:00,44.080180266448075,44.25001543111583,43.32908551905767,43.66396713256836,119093600
2019-06-06 00:00:00-04:00,43.79314204238784,44.36483519131341,43.570682084053516,44.30503463745117,90105200
2019-06-07 00:00:00-04:00,44.613599067232066,45.90768378892111,44.43659178289126,45.48429489135742,122737600
2019-06-10 00:00:00-04:00,45.88137267413092,46.732931908705964,45.835923672858236,46.06555938720703,104883600
2019-06-11 00:00:00-04:00,46.61094460560243,46.8836349896468,46.309551123217446,46.59898376464844,107731600
2019-06-12 00:00:00-04:00,46.393277552125554,46.87646713884036,46.259324870645045,46.450687408447266,73012800
2019-06-13 00:00:00-04:00,46.57268212870574,47.07261400657123,46.30956181664146,46.44112014770508,86698400
2019-06-14 00:00:00-04:00,45.819200005381056,46.30717107767437,45.520197138796654,46.103851318359375,75046000
2019-06-17 00:00:00-04:00,46.14211377579519,46.63487348967202,45.96749715069551,46.37892532348633,58676400
2019-06-18 00:00:00-04:00,46.8955931379687,47.90980815375586,46.69466416124891,47.46967697143555,106204000
2019-06-19 00:00:00-04:00,47.76389951339883,47.811742879326864,47.1969913965281,47.3309440612793,84496800
2019-06-20 00:00:00-04:00,47.928952089147415,47.98636194123762,47.36921971853001,47.711280822753906,86056000
2019-06-21 00:00:00-04:00,47.55339956808391,48.04376482331306,47.39791594328948,47.548614501953125,191202400
2019-06-24 00:00:00-04:00,47.49120806529403,47.87871815109603,47.40270441017317,47.50077819824219,72881600
2019-06-25 00:00:00-04:00,47.46488403884307,47.663422274579474,46.713789383736064,46.78076934814453,84281200
2019-06-26 00:00:00-04:00,47.30702611814578,48.07725759186515,47.20656161939147,47.792606353759766,104270000
2019-06-27 00:00:00-04:00,47.909817596404345,48.215999837860245,47.73759533236944,47.77825927734375,83598800
2019-06-28 00:00:00-04:00,47.524699340515674,47.720846929488616,47.13480217086817,47.3429069519043,124442400
2019-07-01 00:00:00-04:00,48.59871477331292,48.91446345681218,47.99592415477376,48.21120834350586,109012000
2019-07-02 00:00:00-04:00,48.17773175822263,48.58915996897758,48.16577091431776,48.49347686767578,67740800
2019-07-03 00:00:00-04:00,48.62502883489124,48.90250429660593,48.483900395720205,48.895328521728516,45448000
2019-07-05 00:00:00-04:00,48.64178414277678,49.05560305706805,48.53414019894092,48.85227966308594,69062000
2019-07-08 00:00:00-04:00,48.03419442469582,48.1753228503153,47.460110590009364,47.8452262878418,101354400
2019-07-09 00:00:00-04:00,47.64908366307894,48.20164023244244,47.555794939029724,48.13705825805664,82312000
2019-07-10 00:00:00-04:00,48.28297103527144,48.73266874059022,48.21360034539757,48.613067626953125,71588400
2019-07-11 00:00:00-04:00,48.6321995013914,48.89053831965134,48.24947816503057,48.2590446472168,80767200
2019-07-12 00:00:00-04:00,48.426486993480296,48.797251151333036,48.36668644059876,48.62981033325195,70380800
2019-07-15 00:00:00-04:00,48.81877623409258,49.244555859075206,48.797248912027776,49.08668518066406,67789600
2019-07-16 00:00:00-04:00,48.938385998971945,49.301974430162524,48.677656430195476,48.9168586730957,67467200
2019-07-17 00:00:00-04:00,48.80921404901501,49.057982753514956,48.62263660815599,48.64177322387695,56430000
2019-07-18 00:00:00-04:00,48.79725175606653,49.246953087288276,48.72549036173215,49.19432830810547,74162400
2019-07-19 00:00:00-04:00,49.2254225596,49.39525773939744,48.40496070844038,48.45997619628906,83717200
2019-07-22 00:00:00-04:00,48.7135358552826,49.5698803325022,48.70396937143094,49.56748962402344,89111600
2019-07-23 00:00:00-04:00,49.8641074492469,49.97174774213906,49.58423757781546,49.95500183105469,73420800
2019-07-24 00:00:00-04:00,49.67512729577653,50.029145578681785,49.5555261792605,49.914329528808594,59966400
2019-07-25 00:00:00-04:00,49.96694883497979,50.05067106733842,49.45027119228103,49.5196418762207,55638400
2019-07-26 00:00:00-04:00,49.62968053839526,50.167885587126946,49.54835265146059,49.69187545776367,70475600
2019-07-29 00:00:00-04:00,49.86410236528758,50.38556151543497,49.85931729833176,50.15592575073242,86693600
2019-07-30 00:00:00-04:00,49.93585442943909,50.27073972938734,49.589011938368884,49.94063949584961,135742800
2019-07-31 00:00:00-04:00,51.76814519291497,52.95219547888276,50.54343096661381,50.95964050292969,277125600
2019-08-01 00:00:00-04:00,51.165354806371035,52.15326117014312,49.452669637980264,49.85691833496094,216071600
2019-08-02 00:00:00-04:00,49.16322262546881,49.37850312251167,48.23033560503574,48.80202865600586,163448400
2019-08-05 00:00:00-04:00,47.3596567424727,47.517527460024354,46.06557164067767,46.24736404418945,209572000
2019-08-06 00:00:00-04:00,46.957790753154114,47.3787890279519,46.4148006509655,47.122840881347656,143299200
2019-08-07 00:00:00-04:00,46.74249649475548,47.73518403134187,46.36216592386497,47.61079788208008,133457600
2019-08-08 00:00:00-04:00,47.888289320978814,48.68483324483393,47.69453608408315,48.660911560058594,108038000
2019-08-09 00:00:00-04:00,48.33436732980815,48.68492749979475,47.85174165233491,48.25993347167969,98478800
2019-08-12 00:00:00-04:00,47.930974561632105,48.51444641488046,47.81812205634959,48.13747024536133,89927600
2019-08-13 00:00:00-04:00,48.267127875565244,50.93716177711402,48.13746584722147,50.17601013183594,188874000
2019-08-14 00:00:00-04:00,48.7809758877121,49.568540066095935,48.644110791052725,48.68252944946289,146189600
2019-08-15 00:00:00-04:00,48.852997569788144,49.256382389403456,47.942974606430376,48.440006256103516,108909600
2019-08-16 00:00:00-04:00,49.04988469774485,49.74140568988817,48.944235250189195,49.58293151855469,110481600
2019-08-19 00:00:00-04:00,50.57219735243816,51.07883190639441,50.43053268655295,50.50736999511719,97654400
2019-08-20 00:00:00-04:00,50.63462823335315,51.22770292346297,50.50016660809505,50.509769439697266,107537200
2019-08-21 00:00:00-04:00,51.14125698244228,51.29972750063154,50.807502749106995,51.05721664428711,86141600
2019-08-22 00:00:00-04:00,51.18927999555581,51.489418835377954,50.6034083940143,51.013999938964844,89014800
2019-08-23 00:00:00-04:00,50.28645752648354,50.91555099493653,48.262323049739784,48.656105041503906,187272000
2019-08-26 00:00:00-04:00,49.42926093993379,49.748609076351144,49.23717136701609,49.58053207397461,104174400
2019-08-27 00:00:00-04:00,49.909486415436,50.075163637483826,48.869805058122104,49.02107620239258,103493200
2019-08-28 00:00:00-04:00,49.00667191279658,49.395650682194926,48.819385567248915,49.35002899169922,63755200
2019-08-29 00:00:00-04:00,50.0631602076527,50.260053051987526,49.621356699521705,50.18561553955078,83962000
2019-08-30 00:00:00-04:00,50.46174203034494,50.53137262674945,49.75101166966507,50.120784759521484,84573600
2019-09-03 00:00:00-04:00,49.56612630727239,49.69818812822895,49.03548289552534,49.390846252441406,80092000
2019-09-04 00:00:00-04:00,50.03673886776175,50.29845901885149,49.779821963278366,50.22882843017578,76752400
2019-09-05 00:00:00-04:00,50.90353845367969,51.376557476754485,50.785882729793876,51.210880279541016,95654800
2019-09-06 00:00:00-04:00,51.39577500112992,51.4846149241543,51.02600190350711,51.206085205078125,77449200
2019-09-09 00:00:00-04:00,51.58545739982879,51.96963654756328,50.68024137405337,51.424583435058594,109237600
2019-09-10 00:00:00-04:00,51.35015557390354,52.051279485915714,50.83391821884729,52.03207015991211,127111600
2019-09-11 00:00:00-04:00,52.361014009265396,53.715240070323695,52.27937347467052,53.686424255371094,177158400
2019-09-12 00:00:00-04:00,53.976967258907166,54.36594600540606,53.51115121424335,53.566375732421875,128906800
2019-09-13 00:00:00-04:00,52.82443080357143,53.01411692029238,52.10890090309722,52.5242919921875,159053200
2019-09-16 00:00:00-04:00,52.27938208778277,52.855650852329696,52.238563645662204,52.80042266845703,84632400
2019-09-17 00:00:00-04:00,52.81483190453855,53.02132756869173,52.61313582378596,52.99251174926758,73274800
2019-09-18 00:00:00-04:00,53.07894858894895,53.50874942392138,52.68996985697935,53.489540100097656,101360000
2019-09-19 00:00:00-04:00,53.307056774538246,53.72725114264616,52.91327477040642,53.0549430847168,88242400
2019-09-20 00:00:00-04:00,53.15578449922015,53.43911377467882,52.216949430695024,52.27937698364258,221652400
2019-09-23 00:00:00-04:00,52.57232199753262,52.78602071935204,52.26017685029636,52.51709747314453,76662000
2019-09-24 00:00:00-04:00,53.07173787565593,53.4223015730861,52.14971244827716,52.267364501953125,124763200
2019-09-25 00:00:00-04:00,52.47627997233017,53.18460696208919,52.1377224527618,53.071754455566406,87613600
2019-09-26 00:00:00-04:00,52.82442795501207,53.050132915210256,52.54349848236231,52.79801559448242,75334000
2019-09-27 00:00:00-04:00,52.95409870061891,53.05494858356497,52.17133785844145,52.54111099243164,101408000
2019-09-30 00:00:00-04:00,53.040529136604164,53.92413970007018,53.01411677472275,53.777671813964844,103909600
2019-10-01 00:00:00-04:00,54.04181160923848,54.79816017272716,53.83291244317199,53.92655563354492,139223200
2019-10-02 00:00:00-04:00,53.55917160743665,53.68403038252034,52.3274007167669,52.5747184753418,138449200
2019-10-03 00:00:00-04:00,52.447459000713295,53.05494337549281,51.65509540469614,53.02132797241211,114426000
2019-10-04 00:00:00-04:00,54.17865555013315,54.622862444828854,53.75846122523863,54.507606506347656,138478800
2019-10-07 00:00:00-04:00,54.32992905331613,55.20873272385884,54.2266793952243,54.519615173339844,122306000
2019-10-08 00:00:00-04:00,54.22187750074084,54.75972389234403,53.86411072762326,53.880916595458984,111820000
2019-10-09 00:00:00-04:00,54.512413024902344,54.694896109411246,54.17865880193493,54.512413024902344,74770400
2019-10-10 00:00:00-04:00,54.728513454537506,55.33119457436902,54.57724597451074,55.247154235839844,113013600
2019-10-11 00:00:00-04:00,55.93387223570824,57.059993724351415,55.78020129962542,56.716636657714844,166795600
2019-10-14 00:00:00-04:00,56.402094083727334,57.17765554935528,56.34686955839495,56.63500213623047,96427600
2019-10-15 00:00:00-04:00,56.759854250095415,57.06239287164702,56.39728786256741,56.50293731689453,87360000
2019-10-16 00:00:00-04:00,56.03471119953323,56.483721327443455,55.99389276314205,56.27482223510742,73903200
2019-10-17 00:00:00-04:00,56.447710219951496,56.70222736637808,56.070737747547255,56.49333190917969,67585200
2019-10-18 00:00:00-04:00,56.32764839764216,57.04558173135252,56.25561435236558,56.764652252197266,97433600
2019-10-21 00:00:00-04:00,57.03117013107662,57.86435565824575,56.9831486601448,57.74909973144531,87247200
2019-10-22 00:00:00-04:00,57.90519037069038,58.15490428802028,57.53541724657344,57.61705780029297,82293600
2019-10-23 00:00:00-04:00,58.13088106904136,58.40460749311298,57.91958219298484,58.39019775390625,75828800
2019-10-24 00:00:00-04:00,58.70954952666312,58.77918378053314,58.06125044639696,58.48624801635742,69275200
2019-10-25 00:00:00-04:00,58.38541307794069,59.24260775751769,58.318182266358356,59.20659255981445,73477200
2019-10-28 00:00:00-04:00,59.408277532037836,59.84768120784419,59.24020052419486,59.799659729003906,96572800
2019-10-29 00:00:00-04:00,59.7804471734003,59.967733495416816,58.24373795075097,58.4166145324707,142839600
2019-10-30 00:00:00-04:00,58.76958279527963,58.89924482176762,57.91719144782321,58.40941619873047,124522000
2019-10-31 00:00:00-04:00,59.36506765293137,59.82848030145837,56.968756318935924,59.73003387451172,139162000
2019-11-01 00:00:00-04:00,59.91731576023175,61.45162537567779,59.826076043549875,61.42521667480469,151125200
2019-11-04 00:00:00-05:00,61.78777591806556,61.912638359081036,61.31956374708165,61.82859802246094,103272000
2019-11-05 00:00:00-05:00,61.72054454973453,61.99427467320338,61.545268167001495,61.7397575378418,79897600
2019-11-06 00:00:00-05:00,61.65332181124007,61.82620208877956,61.317167751471324,61.76617431640625,75864400
2019-11-07 00:00:00-05:00,62.3128483676645,62.7005915790344,62.16112308276353,62.47902297973633,94940400
2019-11-08 00:00:00-05:00,62.30082274800635,62.722278694428965,61.85769280629216,62.65003204345703,69986400
2019-11-11 00:00:00-05:00,62.20690934511002,63.211182126860514,62.20209535045207,63.14616012573242,81821200
2019-11-12 00:00:00-05:00,62.98958734351304,63.2882239296663,62.83786940371136,63.08832931518555,87388800
2019-11-13 00:00:00-05:00,62.888432430266306,63.76746735630996,62.87398310487646,63.69281005859375,102734400
2019-11-14 00:00:00-05:00,63.51942564466405,63.79156691909785,63.122054404391484,63.252105712890625,89182800
2019-11-15 00:00:00-05:00,63.50254460728658,64.00829299536413,63.34119137298703,64.00347900390625,100206400
2019-11-18 00:00:00-05:00,64.01313928749168,64.40569660274649,63.635038653115814,64.32622528076172,86703200
2019-11-19 00:00:00-05:00,64.51887757210454,64.54296223689062,63.91439437873861,64.13114166259766,76167200
2019-11-20 00:00:00-05:00,63.95050846949165,64.0805524112698,62.71262890433902,63.384552001953125,106234400
2019-11-21 00:00:00-05:00,63.504975845506166,63.58204383142426,62.90048531472307,63.100379943847656,121395200
2019-11-22 00:00:00-05:00,63.2400638402488,63.38215381547278,62.81860790794425,63.04499053955078,65325200
2019-11-25 00:00:00-05:00,63.26894500831201,64.16725062153702,63.2231863603436,64.150390625,84020400
2019-11-26 00:00:00-05:00,64.28768211784275,64.34066544148382,63.21838765861975,63.649478912353516,105207600
2019-11-27 00:00:00-05:00,63.96013495495072,64.53813741439751,63.89511298558591,64.5044174194336,65235600
2019-11-29 00:00:00-05:00,64.20580352668654,64.54296680875088,64.0372182108502,64.36234283447266,46617600
2019-12-02 00:00:00-05:00,64.36715170309243,64.60316965655018,63.44717925305146,63.618167877197266,94487200
2019-12-03 00:00:00-05:00,62.20930043557878,62.503115708653056,61.722822542288654,62.48385238647461,114430400
2019-12-04 00:00:00-05:00,62.873993707598274,63.41345487874028,62.78006572711878,63.03534698486328,67181600
2019-12-05 00:00:00-05:00,63.529052579721196,64.03480106846754,63.27377133913998,63.96013641357422,74424400
2019-12-06 00:00:00-05:00,64.41773515061479,65.26546100190234,64.37437981221761,65.19561767578125,106075600
2019-12-09 00:00:00-05:00,65.02463432244109,65.2172969657752,63.798800431426635,64.28287506103516,128042400
2019-12-10 00:00:00-05:00,64.68747562892948,65.04149895721667,64.02759096181438,64.65857696533203,90420400
2019-12-11 00:00:00-05:00,64.73803158690569,65.28953877362453,64.66337427533851,65.2100601196289,78756800
2019-12-12 00:00:00-05:00,64.48996866624496,65.64114490385342,64.37918804536231,65.37622833251953,137310400
2019-12-13 00:00:00-05:00,65.37622232256687,66.30101589143915,65.2485817157862,66.264892578125,133587600
2019-12-16 00:00:00-05:00,66.71046260860425,67.62321792745732,66.70564861456403,67.39923858642578,128186000
2019-12-17 00:00:00-05:00,67.32938692874545,67.85921278461262,67.14394163202556,67.53168487548828,114158400
2019-12-18 00:00:00-05:00,67.38476487826064,67.89051335467951,67.22100094482415,67.37031555175781,116028400
2019-12-19 00:00:00-05:00,67.31252181714845,67.71711767990757,67.18006720064264,67.43775177001953,98369200
2019-12-20 00:00:00-05:00,67.97001134578234,68.07115666009031,67.08615475855936,67.29808807373047,275978000
2019-12-23 00:00:00-05:00,67.56057609253462,68.45647110065944,67.52204210459728,68.3962631225586,98572000
2019-12-24 00:00:00-05:00,68.562448734815,68.61061806486987,68.13617882730028,68.46129608154297,48478800
2019-12-26 00:00:00-05:00,68.59374653522693,69.83644007577118,68.56484788189442,69.819580078125,93121200
2019-12-27 00:00:00-05:00,70.11099839799601,70.79737094783557,69.38850252439819,69.79309844970703,146266000
2019-12-30 00:00:00-05:00,69.7112155576161,70.48910541724575,68.69009042144484,70.20732879638672,144114400
2019-12-31 00:00:00-05:00,69.82438857743935,70.72750817106555,69.72564661991683,70.72028350830078,100805600
2020-01-02 00:00:00-05:00,71.34406195339083,72.39409318664748,71.09119131937346,72.3338851928711,135480400
2020-01-03 00:00:00-05:00,71.56322834377139,72.38928035156616,71.40668901147588,71.63066101074219,146322800
2020-01-06 00:00:00-05:00,70.75402098693286,72.23995000976231,70.50355369984423,72.201416015625,118387200
2020-01-07 00:00:00-05:00,72.21107183045073,72.46635318310075,71.64271179235746,71.86186981201172,108872000
2020-01-08 00:00:00-05:00,71.56562119935828,73.31887745373415,71.56562119935828,73.01783752441406,132079200
2020-01-09 00:00:00-05:00,73.99319481949146,74.76144921222713,73.7427349209394,74.56878662109375,170108400
2020-01-10 00:00:00-05:00,74.80241795222723,75.30094193802128,74.23646130286748,74.73738861083984,140644800
2020-01-13 00:00:00-05:00,75.05288582822318,76.36060178633993,74.93487315391599,76.3341064453125,121532000
2020-01-14 00:00:00-05:00,76.27147857331117,76.48100118582082,75.18051017572739,75.30332946777344,161954400
2020-01-15 00:00:00-05:00,75.10344798902688,75.98248317068368,74.54953007278792,74.98062133789062,121923600
2020-01-16 00:00:00-05:00,75.52248959606675,76.03064882750155,75.1612416745226,75.91986083984375,108829200
2020-01-17 00:00:00-05:00,76.16791647174253,76.76277166888072,75.86206254796348,76.76036834716797,137816400
2020-01-21 00:00:00-05:00,76.3894803308505,76.83019952815127,76.10288974668396,76.24016571044922,110843200
2020-01-22 00:00:00-05:00,76.72425508723063,77.06382908812623,76.41840109404252,76.5123291015625,101832400
2020-01-23 00:00:00-05:00,76.56529382668359,76.96025438766408,76.01860061750638,76.88078308105469,104472000
2020-01-24 00:00:00-05:00,77.12644775977525,77.86820708363678,76.46897375596369,76.65923309326172,146537600
2020-01-27 00:00:00-05:00,74.67235687385795,75.08417746726008,73.42484908589569,74.40503692626953,161940000
2020-01-28 00:00:00-05:00,75.28405419350632,76.68087628820244,75.18531223152581,76.5098876953125,162234000
2020-01-29 00:00:00-05:00,78.13792264122904,78.95674973344263,77.39856685210137,78.1114273071289,216229200
2020-01-30 00:00:00-05:00,77.19627805111793,78.05122856412287,76.76518678742532,77.99824523925781,126743200
2020-01-31 00:00:00-05:00,77.29018275843434,77.71163859900423,74.24607125177067,74.53988647460938,199588400
2020-02-03 00:00:00-05:00,73.28514366287956,75.498389394716,72.78421654858387,74.33517456054688,173788400
2020-02-04 00:00:00-05:00,75.93672133535755,76.97952779146334,75.53212542449515,76.78926849365234,136616400
2020-02-05 00:00:00-05:00,77.91395235806485,78.21258898353346,76.81335589638837,77.41543579101562,118826800
2020-02-06 00:00:00-05:00,77.68516086755363,78.3233640404218,77.12883967256218,78.32095336914062,105425600
2020-02-07 00:00:00-05:00,77.82125391424971,78.06989925267796,76.76632167871378,77.2563705444336,117684000
2020-02-10 00:00:00-05:00,75.84416334192943,77.62330627441406,75.76450341427329,77.62330627441406,109348800
2020-02-11 00:00:00-05:00,78.11817322586252,78.19059132825674,76.93770658748598,77.15496826171875,94323200
2020-02-12 00:00:00-05:00,77.60399117788235,78.99206144129231,77.60399117788235,78.98723602294922,113730400
2020-02-13 00:00:00-05:00,78.2605910618148,78.75063980830953,78.05781303227035,78.42474365234375,94747600
2020-02-14 00:00:00-05:00,78.39333837244232,78.69268360037853,77.93708977373394,78.44403839111328,80113600
2020-02-18 00:00:00-05:00,76.12900107799734,77.1887659353896,75.94794846047884,77.0077133178711,152531200
2020-02-19 00:00:00-05:00,77.24912913343354,78.35234502696264,77.24912913343354,78.12300872802734,93984000
2020-02-20 00:00:00-05:00,77.88401513292217,78.37164756799683,76.81700838375629,77.32154083251953,100566000
2020-02-21 00:00:00-05:00,76.91599243144344,77.35776502195542,74.95579692410486,75.57137298583984,129554000
2020-02-24 00:00:00-05:00,71.75959476642028,73.43010258149737,69.82112528029087,71.98168182373047,222195200
2020-02-25 00:00:00-05:00,72.65038734565039,73.03180163978591,69.07278565467855,69.54351806640625,230673600
2020-02-26 00:00:00-05:00,69.16934783382864,71.90927916190874,69.16210602316792,70.64673614501953,198054800
2020-02-27 00:00:00-05:00,67.85854496748809,69.04142098650374,65.89351637245633,66.02870178222656,320605600
2020-02-28 00:00:00-05:00,62.103468343907636,67.20915102510166,61.88861568726967,65.99005889892578,426510000
2020-03-02 00:00:00-05:00,68.14338175177791,72.76867383608672,67.04258234775999,72.13378143310547,341397200
2020-03-03 00:00:00-05:00,73.30701482551375,73.38667475068135,68.99312746023453,69.8428726196289,319475600
2020-03-04 00:00:00-05:00,71.5616425276586,73.24180855249296,70.76259766156525,73.08248138427734,219178400
2020-03-05 00:00:00-05:00,71.33957264179317,72.31242862903635,70.3474076125405,70.71192932128906,187572800
2020-03-06 00:00:00-05:00,68.07579869358199,70.20497969740977,67.88992061879122,69.77286529541016,226176800
2020-03-09 00:00:00-04:00,63.670171942415024,67.13189718407227,63.489119320777824,64.2543716430664,286744800
2020-03-10 00:00:00-04:00,66.90259043839642,69.14764074332749,65.02687994218032,68.88209533691406,285290000
2020-03-11 00:00:00-04:00,66.96291749628936,67.88748961967876,65.627949126833,66.48976135253906,255598800
2020-03-12 00:00:00-04:00,61.78482214303871,65.17895530003963,59.868077460777144,59.92359924316406,418474000
2020-03-13 00:00:00-04:00,63.94538830639056,67.5736832780311,61.06302571813862,67.10294342041016,370732000
2020-03-16 00:00:00-04:00,58.40757727472599,62.5428168089279,57.93684117686896,58.47034454345703,322423600
2020-03-17 00:00:00-04:00,59.74978379495811,62.187957132183904,57.55059758461941,61.04129409790039,324056000
2020-03-18 00:00:00-04:00,57.881318208922394,60.35087498179023,57.24159672400037,59.547000885009766,300233600
2020-03-19 00:00:00-04:00,59.72080725380135,61.03645549375763,58.56689890473273,59.09074401855469,271857200
2020-03-20 00:00:00-04:00,59.67010772190427,60.79263606329375,55.03999095282429,55.339332580566406,401693200
2020-03-23 00:00:00-04:00,55.05931643178171,55.16070547027294,51.32480360482342,54.1637077331543,336752800
2020-03-24 00:00:00-04:00,57.05813231967632,59.79323446043245,56.56084169108887,59.59769821166992,287531200
2020-03-25 00:00:00-04:00,60.53192162528101,62.3424476958278,58.97486994131572,59.26938247680664,303602000
2020-03-26 00:00:00-04:00,59.51080620940923,62.44627067816228,59.472180756044146,62.388336181640625,252087200
2020-03-27 00:00:00-04:00,61.01473181958192,61.767909526223264,59.638732669554486,59.805301666259766,204216800
2020-03-30 00:00:00-04:00,60.529517371062305,61.68342585318123,60.206033868463194,61.512027740478516,167976400
2020-03-31 00:00:00-04:00,61.702731524008335,63.365997685508034,60.833677514674484,61.38648986816406,197002000
2020-04-01 00:00:00-04:00,59.50596168562525,60.041877740721404,57.726819101176545,58.156517028808594,176218400
2020-04-02 00:00:00-04:00,58.018915768998035,59.18006600388776,57.188487147319506,59.126956939697266,165934000
2020-04-03 00:00:00-04:00,58.61276473473643,59.3128333420279,57.688188979235456,58.27721405029297,129880000
2020-04-06 00:00:00-04:00,60.568138982385115,63.51567376682207,60.201208300554335,63.36117935180664,201820400
2020-04-07 00:00:00-04:00,65.37205652922795,65.5893255452028,62.52349853876049,62.62730026245117,202887200
2020-04-08 00:00:00-04:00,63.42636197678972,64.54406151460887,63.061847651130236,64.23023986816406,168895200
2020-04-09 00:00:00-04:00,64.86515798418657,65.19587977680585,63.89954346930209,64.69375610351562,161834800
2020-04-13 00:00:00-04:00,64.77097468626023,66.07214313145124,64.17229133387406,65.96350860595703,131022800
2020-04-14 00:00:00-04:00,67.59297682109842,69.58455560243435,67.12223707141726,69.29486846923828,194994800
2020-04-15 00:00:00-04:00,68.17235803124424,69.12107217268907,67.74507641878203,68.66240692138672,131154400
2020-04-16 00:00:00-04:00,69.37454631683273,69.57249897577765,68.16028687860133,69.20797729492188,157125200
2020-04-17 00:00:00-04:00,68.72516946310567,69.27074378183441,66.83497575491855,68.26891326904297,215250000
2020-04-20 00:00:00-04:00,67.09810395402242,67.99853426971617,66.83255863780644,66.85186767578125,130015200
2020-04-21 00:00:00-04:00,66.69494844279068,66.92911009651182,64.07571939662287,64.78544616699219,180991600
2020-04-22 00:00:00-04:00,66.05039726124157,67.08602016909022,65.71002486509416,66.65149688720703,116862400
2020-04-23 00:00:00-04:00,66.59598178954948,68.01543553598502,66.35457829164004,66.39320373535156,124814400
2020-04-24 00:00:00-04:00,66.91704122865521,68.31959472449138,66.86875759043463,68.3099365234375,126161200
2020-04-27 00:00:00-04:00,68.02750920842628,68.68895986495261,67.58091858862758,68.35823822021484,117087600
2020-04-28 00:00:00-04:00,68.81931364694016,69.00036629064134,67.1584635837108,67.25019073486328,112004800
2020-04-29 00:00:00-04:00,68.73481966758834,69.92735352024151,68.53204161617626,69.45903015136719,137280800
2020-04-30 00:00:00-04:00,69.99735081766806,71.10056648651737,69.60869475205328,70.9243392944336,183064000
2020-05-01 00:00:00-04:00,69.1017567929507,72.17965163700352,69.00519685948858,69.78251647949219,240616800
2020-05-04 00:00:00-04:00,69.80665406694762,70.89779524622708,69.11865261133845,70.76985168457031,133568000
2020-05-05 00:00:00-04:00,71.2285148811078,72.66245223551824,71.08367131021836,71.83202362060547,147751200
2020-05-06 00:00:00-04:00,72.5321011645588,73.20320267035598,72.14827044329485,72.5731430053711,142333600
2020-05-07 00:00:00-04:00,73.19837114485792,73.66911092684012,72.89661676334377,73.32389831542969,115215200
2020-05-08 00:00:00-04:00,73.98228898395239,75.12237513838589,73.65551062741005,75.06912231445312,133838400
2020-05-11 00:00:00-04:00,74.57775917368724,76.74416477518758,74.36958632362644,76.25037384033203,145946400
2020-05-12 00:00:00-04:00,76.93297679324957,77.3832066763356,75.25794640867731,75.37897491455078,162301200
2020-05-13 00:00:00-04:00,75.55808267285332,76.4779036027934,73.39409274246334,74.46882629394531,200622400
2020-05-14 00:00:00-04:00,73.70876906438306,74.98682954910396,72.98743664654351,74.92631530761719,158929200
2020-05-15 00:00:00-04:00,72.70180190645536,74.52932881095421,72.66791038979864,74.48333740234375,166348400
2020-05-18 00:00:00-04:00,75.80498172029709,76.611028150083,75.11511790410643,76.2382583618164,135178400
2020-05-19 00:00:00-04:00,76.25521336264156,77.0999898949941,75.76626090152799,75.7977294921875,101729600
2020-05-20 00:00:00-04:00,76.65460843756124,77.34204942619355,76.6158784313997,77.27185821533203,111504800
2020-05-21 00:00:00-04:00,77.1338698714014,77.67365953830173,76.45852890117943,76.69574737548828,102688800
2020-05-22 00:00:00-04:00,76.43432078527125,77.27184315466477,76.33266100253039,77.18954467773438,81803200
2020-05-26 00:00:00-04:00,78.30544857938091,78.48456841631166,76.61104938291827,76.6667251586914,125522000
2020-05-27 00:00:00-04:00,76.5238797421972,77.14596042474004,75.78560168945737,77.00072479248047,112945200
2020-05-28 00:00:00-04:00,76.6763980387844,78.29092158030248,76.40045688271769,77.0346450805664,133560800
2020-05-29 00:00:00-04:00,77.27668110998019,77.73658783652532,76.60376308600569,76.95958709716797,153532400
2020-06-01 00:00:00-04:00,76.91360886615988,78.02707250180976,76.78289602270274,77.90604400634766,80791200
2020-06-02 00:00:00-04:00,77.63976650286615,78.2909002875674,77.19922108217762,78.26669311523438,87642800
2020-06-03 00:00:00-04:00,78.58621903033732,78.95898884323296,78.01496072344597,78.69756317138672,104491200
2020-06-04 00:00:00-04:00,78.52087329742372,78.81859867793425,77.64704369151033,78.01981353759766,87560400
2020-06-05 00:00:00-04:00,78.26913445919533,80.3024118345787,78.24008880036028,80.24189758300781,137250400
2020-06-08 00:00:00-04:00,79.93932296340279,80.75021537775042,79.23009773769596,80.71632385253906,95654400
2020-06-09 00:00:00-04:00,80.39682040985336,83.6573213064147,80.3653518160227,83.26519012451172,147712400
2020-06-10 00:00:00-04:00,84.2116096226659,85.87453965160508,83.77348714351568,85.4073715209961,166651600
2020-06-11 00:00:00-04:00,84.55293109627195,84.97653085136815,81.20528599627451,81.30694580078125,201662400
2020-06-12 00:00:00-04:00,83.44187634114364,84.18740853476542,80.90027823694467,82.00889587402344,200146000
2020-06-15 00:00:00-04:00,80.6654845616587,83.6742509001126,80.50330314287096,83.02311706542969,138808800
2020-06-16 00:00:00-04:00,85.07333742619001,85.49452156139306,83.44187587324252,85.2234115600586,165428800
2020-06-17 00:00:00-04:00,85.96655029229349,86.02706454807957,84.98379936928724,85.10482788085938,114406400
2020-06-18 00:00:00-04:00,85.06125001022909,85.55504835135272,84.53114459703605,85.13871002197266,96820400
2020-06-19 00:00:00-04:00,85.84308414219812,86.30782937031772,83.54595856056092,84.65216064453125,264476000
2020-06-22 00:00:00-04:00,85.0443003318489,87.00980187063504,84.99830891368086,86.86698913574219,135445200
2020-06-23 00:00:00-04:00,88.10877206567112,90.13721146162973,87.69001068197471,88.72117614746094,212155600
2020-06-24 00:00:00-04:00,88.3508144843821,89.26821268122214,86.78228229668392,87.1550521850586,192623200
2020-06-25 00:00:00-04:00,87.30996064055707,88.35080275936323,86.55232106785238,88.31207275390625,137522400
2020-06-26 00:00:00-04:00,88.20798383985682,88.42825657527817,85.45095132716905,85.5986099243164,205256800
2020-06-29 00:00:00-04:00,85.50662726415537,87.6657787527797,85.02977472321102,87.57137298583984,130646000
2020-06-30 00:00:00-04:00,87.1598666501381,88.58800861953088,87.1405053436716,88.30237579345703,140223200
2020-07-01 00:00:00-04:00,88.37985592496987,88.92206127344404,88.08696900587378,88.1353759765625,110737200
2020-07-02 00:00:00-04:00,89.04067423366814,89.67486242954287,88.02161627129679,88.1353759765625,114041600
2020-07-06 00:00:00-04:00,89.56106033827533,90.96014903943146,89.52959175677846,90.49298095703125,118655600
2020-07-07 00:00:00-04:00,90.87062222466152,91.64762315168353,90.10088271239697,90.21222686767578,112424400
2020-07-08 00:00:00-04:00,91.1877146099101,92.34474679060094,91.10057024745561,92.31327819824219,117092000
2020-07-09 00:00:00-04:00,93.20404179945581,93.25729463316677,91.66456287634601,92.71025085449219,125642800
2020-07-10 00:00:00-04:00,92.30600122922262,92.93051232943125,91.69602034280251,92.8724136352539,90257200
2020-07-13 00:00:00-04:00,94.17469096863013,96.77922651804644,92.23097365442625,92.44398498535156,191649200
2020-07-14 00:00:00-04:00,91.82673375082925,94.16500509879575,90.89482027358295,93.97378540039062,170989200
2020-07-15 00:00:00-04:00,95.84488685944433,96.09420527190387,93.42431687945134,94.62007904052734,153198000
2020-07-16 00:00:00-04:00,93.49449476804814,94.31022548870118,92.8578838224014,93.45576477050781,110577600
2020-07-17 00:00:00-04:00,93.90599401950857,94.06090662183887,92.79494615025625,93.26696014404297,92186800
2020-07-20 00:00:00-04:00,93.35411067179673,95.37044189094031,93.01038653957822,95.23246765136719,90318000
2020-07-21 00:00:00-04:00,96.02158957813295,96.09662665534265,93.66879530005893,93.9181137084961,103433200
2020-07-22 00:00:00-04:00,93.620364272229,94.86211761268852,93.53322731563136,94.18193817138672,89001600
2020-07-23 00:00:00-04:00,93.91568143989768,93.99314144318696,89.08664931990235,89.8951187133789,197004400
2020-07-24 00:00:00-04:00,88.09664593771886,90.01615612762265,86.31267968652797,89.67243194580078,185438800
2020-07-27 00:00:00-04:00,90.73262697532834,91.88965891007823,90.50993871626743,91.79767608642578,121214000
2020-07-28 00:00:00-04:00,91.36925259131361,91.54595685387366,90.28483461346657,90.28968048095703,103625600
2020-07-29 00:00:00-04:00,90.7713632677891,92.20434377285328,90.73505619988047,92.02037811279297,90329200
2020-07-30 00:00:00-04:00,91.19497870904048,93.2379404686909,90.78832470426487,93.13385772705078,158130000
2020-07-31 00:00:00-04:00,99.61612680199143,103.03397001244983,97.62157236005555,102.88389587402344,374336800
2020-08-03 00:00:00-04:00,104.7622549635953,108.09053834247213,104.4645296144692,105.47632598876953,308151200
2020-08-04 00:00:00-04:00,105.6651349105181,107.26997389606046,104.94380243901392,106.18071746826172,173071600
2020-08-05 00:00:00-04:00,105.90235611566642,106.88510690463526,105.43760344433963,106.56558990478516,121776800
2020-08-06 00:00:00-04:00,106.8972095786005,110.77738293578851,106.30901285016994,110.28358459472656,202428800
2020-08-07 00:00:00-04:00,109.80586023116359,110.26174899503663,106.98081367668276,107.77619171142578,198045600
2020-08-10 00:00:00-04:00,109.21901552378732,110.35873735584337,106.69708588297902,109.34268951416016,212403600
2020-08-11 00:00:00-04:00,108.60794885006547,109.10505737675727,105.83139636601508,106.09086608886719,187902400
2020-08-12 00:00:00-04:00,107.17965145918507,109.87375687982836,106.98565970661953,109.61671447753906,165598000
2020-08-13 00:00:00-04:00,110.99408465160128,112.55817011651827,110.50667052619417,111.55667114257812,210082000
2020-08-14 00:00:00-04:00,111.38208775805406,111.54698151987802,109.65068105796512,111.45726013183594,165565200
2020-08-17 00:00:00-04:00,112.57757328432733,112.60182410704658,110.54062998121614,111.166259765625,119561600
2020-08-18 00:00:00-04:00,110.91890034610189,112.5169308684593,110.58425829007268,112.09256744384766,105633600
2020-08-19 00:00:00-04:00,112.49996719549999,113.64453639963617,112.13865437861999,112.23322296142578,145538000
2020-08-20 00:00:00-04:00,112.27443297843882,114.83758973633215,112.25745666606086,114.72361755371094,126907200
2020-08-21 00:00:00-04:00,115.68148892938783,121.11819493819868,115.66936721789659,120.63563537597656,338054800
2020-08-24 00:00:00-04:00,124.83317459173283,124.91805616382935,120.21610549023623,122.07845306396484,345937600
2020-08-25 00:00:00-04:00,120.95328347307442,121.42129395286675,119.35767277780953,121.07695007324219,211495600
2020-08-26 00:00:00-04:00,122.39127306939878,123.17937664467517,121.32672345710665,122.7234878540039,163022400
2020-08-27 00:00:00-04:00,123.32487721481381,123.65709200762272,120.11425938434616,121.25640869140625,155552400
2020-08-28 00:00:00-04:00,122.2287948592591,122.64588380173389,120.83688511649021,121.05998229980469,187630000
2020-08-31 00:00:00-04:00,123.74923681098468,127.06654483126823,122.21667670793738,125.16539001464844,225702700
2020-09-01 00:00:00-04:00,128.77371625173845,130.75247109042868,126.61067882372832,130.1510772705078,151948100
2020-09-02 00:00:00-04:00,133.45869190086984,133.83698109172641,123.18667288708147,127.45455169677734,200119000
2020-09-03 00:00:00-04:00,123.09935129507485,124.97139321089942,116.88181705951085,117.25040435791016,257599600
2020-09-04 00:00:00-04:00,116.46474975837279,119.98575186395645,107.56039029271544,117.3280258178711,332607200
2020-09-08 00:00:00-04:00,110.5284708911439,115.41713793284842,109.29660787443161,109.43240356445312,231366600
2020-09-09 00:00:00-04:00,113.7391214492864,115.56266939432574,111.799173992742,113.79731750488281,176940500
2020-09-10 00:00:00-04:00,116.74602745349068,116.88182317054356,109.12203408038299,110.08230590820312,182274400
2020-09-11 00:00:00-04:00,111.12989436180371,111.77008060116817,106.69711453574045,108.6370620727539,180860300
2020-09-14 00:00:00-04:00,111.27537379227499,112.44904097306566,109.41302623599448,111.89615631103516,140150100
2020-09-15 00:00:00-04:00,114.7769823425134,115.26196916143692,110.1987055878256,112.07075500488281,184642000
2020-09-16 00:00:00-04:00,111.77004623671577,112.51692255269627,108.67582849841733,108.76312255859375,154679000
2020-09-17 00:00:00-04:00,106.42549948987329,108.83102975873638,105.44582412860575,107.0268783569336,178011000
2020-09-18 00:00:00-04:00,107.08510787884254,107.55069115379253,102.90451581240214,103.63199615478516,287104900
2020-09-21 00:00:00-04:00,101.40107066525347,106.88142458688178,100.00430590496654,106.77472686767578,195713800
2020-09-22 00:00:00-04:00,109.29663858587081,109.47123415071694,105.88233436259476,108.4527587890625,183055400
2020-09-23 00:00:00-04:00,108.2684611226227,108.74374613747926,103.56408301527631,103.90357971191406,150718700
2020-09-24 00:00:00-04:00,102.01211308896369,106.93958033536623,101.84721936701546,104.97053527832031,167743300
2020-09-25 00:00:00-04:00,105.17424837255975,109.06384497371614,104.4370662899755,108.90864562988281,149981400
2020-09-28 00:00:00-04:00,111.55665745924858,111.85734688464554,109.39361323699265,111.5081558227539,137672400
2020-09-29 00:00:00-04:00,111.11049343812664,111.84766814275456,110.1599159291002,110.66429901123047,99382200
2020-09-30 00:00:00-04:00,110.3733131547286,113.7391232285353,110.20841939441779,112.33265686035156,142675200
2020-10-01 00:00:00-04:00,114.10770215411938,114.18530182393523,112.35205217632898,113.2832260131836,116120400
2020-10-02 00:00:00-04:00,109.5003403977725,111.90587864952262,108.85045973551675,109.62643432617188,144712000
2020-10-05 00:00:00-04:00,110.4897020352033,113.14742776439395,110.14051092914185,113.0019302368164,106243800
2020-10-06 00:00:00-04:00,112.2259566607193,112.63335124814374,108.87955028037823,109.7622299194336,161498200
2020-10-07 00:00:00-04:00,111.17839334850785,112.08046922763401,110.70310088509402,111.62458038330078,96849000
2020-10-08 00:00:00-04:00,112.75944080327828,112.90493833599005,111.14928093514196,111.51787567138672,83477200
2020-10-09 00:00:00-04:00,111.81855926916633,113.48691510258755,111.46936816913343,113.45781707763672,100506900
2020-10-12 00:00:00-04:00,116.4550513998119,121.42131989177481,115.69847302415036,120.66474151611328,240226800
2020-10-13 00:00:00-04:00,121.50858655705257,121.62498605023444,116.05733979847938,117.46379852294922,262330500
2020-10-14 00:00:00-04:00,117.36680433445795,119.33584953717633,116.02824344500344,117.55110168457031,150712000
2020-10-15 00:00:00-04:00,115.15524988960917,117.56077991650847,114.60236531565721,117.08549499511719,112559200
2020-10-16 00:00:00-04:00,117.63837770482155,117.9002746779859,115.24254212222715,115.44623565673828,115393800
2020-10-19 00:00:00-04:00,116.35803418573154,116.80422116143153,112.18715207359088,112.49754333496094,120639300
2020-10-20 00:00:00-04:00,112.71092747344602,115.40746025257594,112.15804282671203,113.98159790039062,124423700
2020-10-21 00:00:00-04:00,113.16684064497652,115.14558807058964,112.95344522648205,113.36083984375,89946000
2020-10-22 00:00:00-04:00,113.92341996987348,114.49570836063894,111.1492943069264,112.27446746826172,101988000
2020-10-23 00:00:00-04:00,112.89521716371952,113.05041647874276,110.84857244879218,111.58575439453125,82572600
2020-10-26 00:00:00-04:00,110.58668561250266,113.05041929759861,109.49061077367527,111.595458984375,111850700
2020-10-27 00:00:00-04:00,112.02225141814819,113.75850508779021,111.10077943831497,113.09892272949219,92276800
2020-10-28 00:00:00-04:00,111.59547326085323,111.96406058991157,107.76407283902445,107.86106872558594,143937800
2020-10-29 00:00:00-04:00,108.99594153712782,113.41901900582575,108.83104039265947,111.85736083984375,146129200
2020-10-30 00:00:00-04:00,107.72526275511105,108.62733847489969,104.48555457025763,105.59132385253906,190272600
2020-11-02 00:00:00-05:00,105.83383085542181,107.356689266343,104.09757704674024,105.50403594970703,122866900
2020-11-03 00:00:00-05:00,106.36730788899447,108.14235394209176,105.46523215040254,107.12388610839844,107624400
2020-11-04 00:00:00-05:00,110.71278263905,112.11924135480659,108.97652906147681,111.49845886230469,138235500
2020-11-05 00:00:00-05:00,114.40838980980128,116.02825144019144,113.36082388514865,115.45596313476562,126387100
2020-11-06 00:00:00-05:00,114.96528648231298,115.82033327578648,112.83737692583377,115.32479858398438,114457900
2020-11-09 00:00:00-05:00,117.08348880826458,118.53124107554257,112.75966168887598,113.02200317382812,154515300
2020-11-10 00:00:00-05:00,112.27382528066764,114.25597883957684,110.8940807658282,112.68191528320312,138023400
2020-11-11 00:00:00-05:00,113.86731293234887,116.23812654293447,113.13857769111563,116.10209655761719,112295000
2020-11-12 00:00:00-05:00,116.22843412444456,117.11262917137141,115.2082016572188,115.8300552368164,103162300
2020-11-13 00:00:00-05:00,116.05352836084144,116.27700303551688,114.52804275815001,115.87863159179688,81581900
2020-11-16 00:00:00-05:00,115.54827474511946,117.55958400464418,114.80010971790968,116.88915252685547,91183000
2020-11-17 00:00:00-05:00,116.16040329852451,117.24864320805052,115.58712770640344,116.00493621826172,74271000
2020-11-18 00:00:00-05:00,115.24705160870013,116.42274359265693,114.65434634387621,114.6834945678711,76322100
2020-11-19 00:00:00-05:00,114.25595946501045,115.6842816447608,113.49807604222319,115.27619171142578,74113000
2020-11-20 00:00:00-05:00,115.27619794234921,115.40250938194856,113.96447599254086,114.01305389404297,73604300
2020-11-23 00:00:00-05:00,113.85761126601786,114.28513837643995,110.52486130551306,110.62202453613281,127959300
2020-11-24 00:00:00-05:00,110.68031687022992,112.56530706965945,109.39773567263003,111.90458679199219,113874200
2020-11-25 00:00:00-05:00,112.27381743371453,113.43979090606146,111.90458681744444,112.74020385742188,76499200
2020-11-27 00:00:00-05:00,113.26490259506915,114.158816151439,112.92482759135008,113.28433227539062,46691300
2020-11-30 00:00:00-05:00,113.65355580646789,117.54014397849063,113.49808872130923,115.6745834350586,169410200
2020-12-01 00:00:00-05:00,117.57900124296866,119.96925188593028,116.60735427852516,119.24051666259766,127728200
2020-12-02 00:00:00-05:00,118.56036589233359,119.87209529729249,117.46240743053765,119.59031677246094,89004200
2020-12-03 00:00:00-05:00,120.0178649561264,120.27049531657391,118.7450094318951,119.45431518554688,78967600
2020-12-04 00:00:00-05:00,119.12393425897255,119.3765645833526,118.07455360054387,118.78385925292969,78260400
2020-12-07 00:00:00-05:00,118.84215122001115,121.03807568238211,118.78385476777048,120.24132537841797,86712000
2020-12-08 00:00:00-05:00,120.84375871454999,121.43646406909802,119.60004413555974,120.85346984863281,82225500
2020-12-09 00:00:00-05:00,120.99923180163522,122.37896912827428,117.56931816843408,118.32720184326172,115089200
2020-12-10 00:00:00-05:00,117.08347755039478,120.35793100204793,116.74340254220034,119.74578857421875,81312200
2020-12-11 00:00:00-05:00,118.95873784398792,119.27938312055916,117.13204422429256,118.9393081665039,86939800
2020-12-14 00:00:00-05:00,119.1239522979626,119.85268774115538,118.09400857710251,118.32720184326172,79184500
2020-12-15 00:00:00-05:00,120.81460252887871,124.27367140820184,120.61055751786674,124.25423431396484,157243700
2020-12-16 00:00:00-05:00,123.79757294273104,124.73034594931227,122.97166689471923,124.18622589111328,98208600
2020-12-17 00:00:00-05:00,125.24529842903367,125.90602613060179,124.40968137555939,125.05097198486328,94359800
2020-12-18 00:00:00-05:00,125.30360828671483,125.43963827870924,122.54412684965975,123.06881713867188,192541500
2020-12-21 00:00:00-05:00,121.47532055765235,124.672040495101,119.94983486476208,124.59430694580078,121251600
2020-12-22 00:00:00-05:00,127.8784592702847,130.599073771845,125.9740246713456,128.14080810546875,168904800
2020-12-23 00:00:00-05:00,128.41289904268606,128.67523311498164,127.07202114631367,127.2469253540039,88223700
2020-12-24 00:00:00-05:00,127.59670678746939,129.67603102914552,127.3829432351903,128.228271484375,54930100
2020-12-28 00:00:00-05:00,130.19099379190865,133.44600251933943,129.72459253226933,132.81443786621094,124486200
2020-12-29 00:00:00-05:00,134.1358655444837,134.85487480481046,130.53104880605997,131.0460205078125,121047300
2020-12-30 00:00:00-05:00,131.7359604936859,132.13433949873422,129.61776138418642,129.92869567871094,96452100
2020-12-31 00:00:00-05:00,130.27842990655225,130.9197204767935,127.98534242224186,128.92784118652344,99116600
2021-01-04 00:00:00-05:00,129.73433819675842,129.82178288641367,123.1660010540864,125.7408676147461,143301900
2021-01-05 00:00:00-05:00,125.23559175221487,128.00479186519019,124.78862757117713,127.29547882080078,97664900
2021-01-06 00:00:00-05:00,124.0987683518539,127.33435496235823,122.7967573877346,123.0105209350586,155088000
2021-01-07 00:00:00-05:00,124.72064653214206,127.89793731653697,124.23482288794177,127.20806121826172,109578200
2021-01-08 00:00:00-05:00,128.67520026141898,128.86954151504634,126.53757990692247,128.3059844970703,105158200
2021-01-11 00:00:00-05:00,125.527088604103,126.47929859092635,124.85664974689551,125.32303619384766,100384500
2021-01-12 00:00:00-05:00,124.85665049211372,126.01291289609365,123.26314986487158,125.14814758300781,91951100
2021-01-13 00:00:00-05:00,125.1092883878033,127.72302173327904,124.8469543181073,127.17890167236328,88636800
2021-01-14 00:00:00-05:00,127.09143240514113,127.2857588427231,125.10926419379747,125.25502014160156,90221800
2021-01-15 00:00:00-05:00,125.1287025525268,126.52787663913662,123.39917203606663,123.53520202636719,111598500
2021-01-19 00:00:00-05:00,124.15706500945309,125.0607045202907,123.34088500532488,124.20565032958984,90757300
2021-01-20 00:00:00-05:00,125.0121142129877,128.73352422939956,124.90523244341398,128.28656005859375,104319500
2021-01-21 00:00:00-05:00,130.00635537983658,135.70991781539036,129.80230301173157,132.9893035888672,120150900
2021-01-22 00:00:00-05:00,132.41609459613093,135.88488261922302,131.19182431947797,135.1269989013672,114459400
2021-01-25 00:00:00-05:00,139.013584357772,140.97630120112478,132.66871393860882,138.86782836914062,157611700
2021-01-26 00:00:00-05:00,139.52854031294,140.20869037046396,137.3617564370404,139.10101318359375,98390600
2021-01-27 00:00:00-05:00,139.36334793740457,140.20869106595407,136.42898412808006,138.03219604492188,140843800
2021-01-28 00:00:00-05:00,135.56423565217162,137.964205672891,132.82418314547382,133.203125,142621100
2021-01-29 00:00:00-05:00,131.97883669271752,132.86303917443942,126.51818434944722,128.21856689453125,177523800
2021-02-01 00:00:00-05:00,129.95777399701672,131.54156320206033,127.2177225988055,130.3367156982422,106239800
2021-02-02 00:00:00-05:00,131.88168346118144,132.44524067254102,130.79344323298977,131.1626739501953,83305400
2021-02-03 00:00:00-05:00,131.9108002272906,131.92052618668296,129.82176496768204,130.1424102783203,89880900
2021-02-04 00:00:00-05:00,132.4354611637118,133.50426374284237,130.77393862025266,133.4945526123047,84183100
2021-02-05 00:00:00-05:00,133.6551792335879,133.7232884555335,132.20525610000038,133.08103942871094,75693800
2021-02-08 00:00:00-05:00,132.37065786118401,133.27564766652046,131.29051736028654,133.22698974609375,71297200
2021-02-09 00:00:00-05:00,132.94481795724369,134.17093254443628,132.1955422076444,132.35122680664062,76774200
2021-02-10 00:00:00-05:00,132.80855342312873,133.3048434386966,130.78450562896475,131.7478790283203,73046600
2021-02-11 00:00:00-05:00,132.24413324277845,132.72095704438246,130.17144270344224,131.49485778808594,64280000
2021-02-12 00:00:00-05:00,130.73587365349886,131.88412349618312,130.09362466607496,131.72842407226562,60145100
2021-02-16 00:00:00-05:00,131.84517076789257,132.35117148769072,129.21779194968602,129.60704040527344,80576300
2021-02-17 00:00:00-05:00,127.7192714814344,128.66317890424816,125.98715607320858,127.32029724121094,97918500
2021-02-18 00:00:00-05:00,125.72437503561389,126.50285712605177,123.98253453613503,126.22066497802734,96856700
2021-02-19 00:00:00-05:00,126.73641474669597,127.1937724488316,125.33514985915805,126.37635803222656,87668800
2021-02-22 00:00:00-05:00,124.56642052486617,126.23042665376691,122.22125536466936,122.6104965209961,103916400
2021-02-23 00:00:00-05:00,120.43074421044315,123.30138352656303,115.20519947854247,122.47425079345703,158273000
2021-02-24 00:00:00-05:00,121.57899194807914,122.18230857916163,118.94189453786483,121.97795867919922,111039900
2021-02-25 00:00:00-05:00,121.32599026278942,123.05810538980377,117.29736077604736,117.7352523803711,148199500
2021-02-26 00:00:00-05:00,119.29221728289741,121.49142336780443,117.93961010314024,117.99800109863281,164560400
2021-03-01 00:00:00-05:00,120.42102664759607,124.48858162243674,119.48685230147123,124.35234832763672,116307900
2021-03-02 00:00:00-05:00,124.95566267357219,125.25732102772348,121.64712415132996,121.75416564941406,102260900
2021-03-03 00:00:00-05:00,121.45249652917722,122.32828720569532,118.56239100874602,118.77647399902344,112966300
2021-03-04 00:00:00-05:00,118.47481493176636,120.27504677444026,115.4290174341431,116.89839172363281,178155000
2021-03-05 00:00:00-05:00,117.7255127803743,118.65968686991202,114.40724183835442,118.15367126464844,153766600
2021-03-08 00:00:00-05:00,117.67688317068041,117.74499981575629,113.08385389082869,113.22982025146484,154376600
2021-03-09 00:00:00-05:00,115.827968557669,118.77645723226702,115.59442688495044,117.83255004882812,129525800
2021-03-10 00:00:00-05:00,118.41642461584055,118.88350799775948,116.23667741969722,116.75242614746094,111943300
2021-03-11 00:00:00-05:00,119.24356031125248,119.89553490297892,117.99799469596714,118.67916107177734,103026500
2021-03-12 00:00:00-05:00,117.16111263936789,117.9103955487277,115.95447204511132,117.77416229248047,88105100
2021-03-15 00:00:00-04:00,118.14396621912681,120.66428934425417,117.18059275719496,120.65455627441406,92403800
2021-03-16 00:00:00-04:00,122.31855495993447,123.79766976227535,121.36492199120141,122.19205474853516,115227900
2021-03-17 00:00:00-04:00,120.71292450730932,122.47423118424491,119.04891881379946,121.40382385253906,111932600
2021-03-18 00:00:00-04:00,119.57440169521924,119.86633436304555,117.08327064661763,117.2876205444336,121229700
2021-03-19 00:00:00-04:00,116.67458589773459,118.16342636251116,116.46050290360724,116.76216125488281,185549500
2021-03-22 00:00:00-04:00,117.09302806379151,120.53780010933397,117.02491141702193,120.07070922851562,111912300
2021-03-23 00:00:00-04:00,120.01231762490714,120.89783397367995,118.85432728312398,119.24356842041016,95467100
2021-03-24 00:00:00-04:00,119.51602254128295,119.59387224546333,116.84000020937296,116.85945892333984,88530500
2021-03-25 00:00:00-04:00,116.32426633816141,118.38723908571315,115.79879193762964,117.34601593017578,98844700
2021-03-26 00:00:00-04:00,117.11248257706046,118.21208938078492,115.72095047944185,117.94934844970703,94071200
2021-03-29 00:00:00-04:00,118.37747371600936,119.28245592152464,117.48222457752142,118.12446594238281,80819200
2021-03-30 00:00:00-04:00,116.878940997672,117.1611406456859,115.66256704459003,116.67459106445312,85671900
2021-03-31 00:00:00-04:00,118.3774946900482,120.19718506636265,117.89094519064328,118.86404418945312,118323800
2021-04-01 00:00:00-04:00,120.33344161440051,120.83944989383653,119.19490999339443,119.69119262695312,75089100
2021-04-05 00:00:00-04:00,120.53779352124103,122.76619144970482,119.75931123714496,122.51318359375,88651200
2021-04-06 00:00:00-04:00,123.09702657327624,123.71007628588559,122.26989388745704,122.81482696533203,80171300
2021-04-07 00:00:00-04:00,122.44506618695044,124.47883981962588,121.77362540670963,124.45938110351562,83466700
2021-04-08 00:00:00-04:00,125.48112948683244,126.88239460577601,125.06270398931379,126.85320281982422,88844600
2021-04-09 00:00:00-04:00,126.3082511367721,129.4610823431084,125.987126690143,129.4221649169922,106686700
2021-04-12 00:00:00-04:00,128.95508396794366,129.27620842056396,127.11592744716376,127.70951843261719,91420000
2021-04-13 00:00:00-04:00,128.8772176641677,131.0374983592836,128.3809277339075,130.8136749267578,91266500
2021-04-14 00:00:00-04:00,131.3099778007929,131.36836136344672,128.11821435701262,128.47825622558594,87222800
2021-04-15 00:00:00-04:00,130.22010527807376,131.36835488244947,130.04493975044198,130.88180541992188,89347100
2021-04-16 00:00:00-04:00,130.6872281698665,131.0472701296793,129.69466280828593,130.55099487304688,84922400
2021-04-19 00:00:00-04:00,129.91845343765638,131.82573417670255,129.75302837507442,131.21267700195312,94264200
2021-04-20 00:00:00-04:00,131.3878588859704,131.8841341353887,128.264203903013,129.52923583984375,94812300
2021-04-21 00:00:00-04:00,128.79940473993418,130.15201197134868,127.76792201144299,129.9087371826172,68847100
2021-04-22 00:00:00-04:00,129.46108603950333,130.54122653689166,127.8749447465964,128.39068603515625,84566500
2021-04-23 00:00:00-04:00,128.60478264515086,131.48514771146148,128.60478264515086,130.70668029785156,78657500
2021-04-26 00:00:00-04:00,131.20292770440926,131.42673629598994,129.96708793224363,131.09588623046875,66905100
2021-04-27 00:00:00-04:00,131.3780816016613,131.7673300838562,130.5022985012677,130.77476501464844,66015800
2021-04-28 00:00:00-04:00,130.69691506905932,131.38782184344353,129.50000754125335,129.98655700683594,107760100
2021-04-29 00:00:00-04:00,132.7988386951313,133.38270410909877,128.88697605750357,129.88926696777344,151101000
2021-04-30 00:00:00-04:00,128.23497554962137,129.96709045367274,127.54408362576527,127.92359161376953,109839500
2021-05-03 00:00:00-04:00,128.48798358801744,130.46338819019584,128.28364111599663,128.9745330810547,75135100
2021-05-04 00:00:00-04:00,127.66085225567952,127.95278490720769,123.2916326716947,124.41069793701172,137564700
2021-05-05 00:00:00-04:00,125.72438402846821,126.9407577416854,124.5274764521898,124.65398406982422,84000900
2021-05-06 00:00:00-04:00,124.44961615985031,126.25958068498952,123.71005892640017,126.2498550415039,78128300
2021-05-07 00:00:00-04:00,127.54629547170842,127.94593245749884,126.2108752190309,126.92245483398438,78973300
2021-05-10 00:00:00-04:00,126.14265555263232,126.26936319427197,123.60829449035425,123.64728546142578,88071200
2021-05-11 00:00:00-04:00,120.38185488141869,123.0819142652862,119.67028275042819,122.73101043701172,126142800
2021-05-12 00:00:00-04:00,120.28439421406758,121.49308457084182,119.16342796467423,119.67029571533203,112172300
2021-05-13 00:00:00-04:00,121.43460561674969,122.96496595514449,121.1226852750631,121.81475830078125,105861300
2021-05-14 00:00:00-04:00,123.06243260302256,124.66102519199373,122.67253033910511,124.23213195800781,81918000
2021-05-17 00:00:00-04:00,123.61804864388507,123.72527195908786,122.00970635261075,123.0819320678711,74244600
2021-05-18 00:00:00-04:00,123.36459396598383,123.78373756646234,121.62953683178752,121.69776916503906,63342900
2021-05-19 00:00:00-04:00,120.050447495282,121.76600548369002,119.75801895076617,121.54181671142578,92612000
2021-05-20 00:00:00-04:00,122.06817912472063,124.49530918227134,121.94145662294912,124.09565734863281,76857100
2021-05-21 00:00:00-04:00,124.59279439116175,124.76825004025154,122.04869119774337,122.26313781738281,79295400
2021-05-24 00:00:00-04:00,122.82848472896345,124.70975612799803,122.76025239580743,123.89096069335938,63092900
2021-05-25 00:00:00-04:00,124.59278434432386,125.08016771850949,123.13065653206684,123.69601440429688,72009500
2021-05-26 00:00:00-04:00,123.75450877268065,124.17365241574042,123.228141818366,123.64728546142578,56575900
2021-05-27 00:00:00-04:00,123.24762857840483,124.41732784538095,121.92196544288971,122.11691284179688,94625600
2021-05-28 00:00:00-04:00,122.3995899273286,122.6237861257757,121.40534630909178,121.46382904052734,71311100
2021-06-01 00:00:00-04:00,121.92195528308666,122.18513499335711,120.81073884102746,121.14215087890625,67637100
2021-06-02 00:00:00-04:00,121.14214539210477,122.07790617267895,120.91795665587394,121.90245056152344,59278900
2021-06-03 00:00:00-04:00,121.53206155124437,121.69776758173275,120.02119320163122,120.42084503173828,76229200
2021-06-04 00:00:00-04:00,120.93746915555829,122.97470451422886,120.72302254551224,122.71151733398438,75169300
2021-06-07 00:00:00-04:00,122.9844550910691,123.13066937489863,121.67829101219802,122.72127532958984,71057600
2021-06-08 00:00:00-04:00,123.40359727053726,125.21664395698274,123.02344459916287,123.5400619506836,74403800
2021-06-09 00:00:00-04:00,123.99818609803275,124.52455300706954,123.32560491924683,123.92020416259766,56877900
2021-06-10 00:00:00-04:00,123.81299241371467,124.95345787476269,122.7602659341765,122.92597198486328,71186400
2021-06-11 00:00:00-04:00,123.33536251537065,124.22239035571975,122.91621888119515,124.13465881347656,53522400
2021-06-14 00:00:00-04:00,124.592772046137,127.24409063710856,123.86170821216966,127.18560791015625,96906500
2021-06-15 00:00:00-04:00,126.65928803562127,127.30262798000346,126.12317141530278,126.36685943603516,62746300
2021-06-16 00:00:00-04:00,127.07839160028391,127.58526671760069,125.21662690472674,126.86394500732422,91815000
2021-06-17 00:00:00-04:00,126.52279301183641,129.20336059736883,126.37657131032402,128.46253967285156,96721700
2021-06-18 00:00:00-04:00,127.40984095504005,128.18963065921508,126.95170632339287,127.16615295410156,108953300
2021-06-21 00:00:00-04:00,127.01019740258512,129.06692486047993,125.94772121838587,128.95970153808594,79663300
2021-06-22 00:00:00-04:00,128.79396232556323,130.6947253937975,128.29682937988724,130.5972442626953,74783600
2021-06-23 00:00:00-04:00,130.39255006678223,130.9286665216875,129.8661757752273,130.32431030273438,60214200
2021-06-24 00:00:00-04:00,131.05536118547494,131.240566385548,129.57373445842103,130.0416259765625,68711000
2021-06-25 00:00:00-04:00,130.0904215029444,130.50955776565635,129.45682371531962,129.74925231933594,70783700
2021-06-28 00:00:00-04:00,130.04165459260284,131.83519451956099,129.98317185834844,131.37705993652344,62111300
2021-06-29 00:00:00-04:00,131.39653993588485,133.043872786454,130.95790461954863,132.88790893554688,64556100
2021-06-30 00:00:00-04:00,132.73195190270366,133.94064949902392,132.43952338561445,133.50201416015625,63261400
2021-07-01 00:00:00-04:00,133.1510868534501,133.86265142282898,132.33228412965926,133.80416870117188,52485800
2021-07-02 00:00:00-04:00,134.41829838230024,136.4652835854969,134.27209152787285,136.42630004882812,78852600
2021-07-06 00:00:00-04:00,136.53353205806397,139.5357553993497,136.53353205806397,138.43429565429688,108181800
2021-07-07 00:00:00-04:00,139.91589835234652,141.2318195282519,139.0581266890823,140.91990661621094,104911600
2021-07-08 00:00:00-04:00,138.00539740279086,140.422778328839,137.11836946520646,139.6234893798828,105575500
2021-07-09 00:00:00-04:00,139.1458132863032,141.97258743167365,139.04833216120844,141.44622802734375,99890800
2021-07-12 00:00:00-04:00,142.5184555206525,142.62567880479006,140.364247675173,140.85162353515625,76299700
2021-07-13 00:00:00-04:00,140.3934939298509,143.7369001800956,140.00359917768813,141.9628448486328,100827100
2021-07-14 00:00:00-04:00,144.36076918149035,145.79365573228569,143.95136027537654,145.38424682617188,127050800
2021-07-15 00:00:00-04:00,145.47197634550716,146.21278242197315,143.37625087333885,144.7311553955078,106820300
2021-07-16 00:00:00-04:00,144.71166743629377,145.97883295333372,142.19680585690423,142.6939239501953,93251400
2021-07-19 00:00:00-04:00,140.12063548546357,140.43256334375596,138.09314902717966,138.85345458984375,121434600
2021-07-20 00:00:00-04:00,139.83790622702588,143.3860023478585,139.35053030452949,142.45997619628906,96350000
2021-07-21 00:00:00-04:00,141.8556653977963,142.4405225803077,140.97839449756518,141.72894287109375,74993500
2021-07-22 00:00:00-04:00,142.2553252616605,144.45825967498962,142.12860272787458,143.09361267089844,77338200
2021-07-23 00:00:00-04:00,143.82463382519293,144.96509166825837,143.210535419876,144.8091278076172,71447400
2021-07-26 00:00:00-04:00,144.5264642055409,146.04707474588002,143.97084849928373,145.22828674316406,72434100
2021-07-27 00:00:00-04:00,145.35497344078965,145.44271240050767,141.8751174935938,143.06431579589844,104818600
2021-07-28 00:00:00-04:00,141.15382825419624,143.25929604709813,138.94113715127986,141.3195343017578,118931200
2021-07-29 00:00:00-04:00,141.0368336570977,142.8498725143642,140.92961036922324,141.9628448486328,56699500
2021-07-30 00:00:00-04:00,140.73466343435456,142.63542638578699,140.4714762953773,142.1772918701172,70440600
2021-08-02 00:00:00-04:00,142.66470486730785,143.2398049839172,141.58272954059322,141.84591674804688,62880000
2021-08-03 00:00:00-04:00,142.12853625880044,144.30222828215528,141.51443795738555,143.639404296875,64786600
2021-08-04 00:00:00-04:00,143.55168904021573,144.05854922239413,142.58667948918819,143.23976135253906,56368300
2021-08-05 00:00:00-04:00,143.2690181917266,144.10730535100612,142.47947159810346,143.3470001220703,46397700
2021-08-06 00:00:00-04:00,142.86869219057516,143.61060825982952,142.16581806356817,142.66368103027344,54126800
2021-08-09 00:00:00-04:00,142.72225212556916,143.21035833317768,142.05843483321482,142.6148681640625,48908700
2021-08-10 00:00:00-04:00,142.95653516321173,144.19632898598317,141.84365370926938,142.1365203857422,69023100
2021-08-11 00:00:00-04:00,142.57580253562702,143.22986295766566,142.0681679932176,142.39031982421875,48493500
2021-08-12 00:00:00-04:00,142.71245110077322,145.50441833818107,142.37077090309373,145.3482208251953,72282600
2021-08-13 00:00:00-04:00,145.42637130499,145.88519235268876,144.74302556240244,145.55328369140625,59375000
2021-08-16 00:00:00-04:00,145.00657783567002,147.59354953492934,142.98582599022765,147.52520751953125,103296000
2021-08-17 00:00:00-04:00,146.65636676617194,148.07187159409528,145.5434853619502,146.61732482910156,92229700
2021-08-18 00:00:00-04:00,146.2365903149313,147.13470375005627,142.6734068529053,142.87841796875,86326000
2021-08-19 00:00:00-04:00,141.58005455752308,144.4794059910355,141.06266328178802,143.2103271484375,86960300
2021-08-20 00:00:00-04:00,143.9327728785443,144.96755574158394,143.288469055807,144.66493225097656,60549600
2021-08-23 00:00:00-04:00,144.7820517027598,146.61733569322215,144.37204430196212,146.1487579345703,60131800
2021-08-24 00:00:00-04:00,145.89489777853456,147.2713604372929,145.60203116452846,146.06085205078125,48606400
2021-08-25 00:00:00-04:00,146.24639198416384,146.7442698916124,144.28421022511418,144.8308868408203,58991300
2021-08-26 00:00:00-04:00,144.82112485660906,145.5727977281921,144.00109506679658,144.03038024902344,48597200
2021-08-27 00:00:00-04:00,143.97183254575776,145.21162673984585,143.33730030320672,145.06520080566406,55802400
2021-08-30 00:00:00-04:00,145.45565533870288,149.83885461039787,145.07493307828,149.47764587402344,90956700
2021-08-31 00:00:00-04:00,149.02859613337498,149.16526528048843,147.69117494824357,148.2183380126953,86453100
2021-09-01 00:00:00-04:00,149.1945209265185,151.293371319359,148.71617155840954,148.8821258544922,80313700
2021-09-02 00:00:00-04:00,150.20976298790652,151.03954929712242,148.77472989529102,149.9949951171875,71115500
2021-09-03 00:00:00-04:00,150.10241459437898,150.95172951907767,149.44835406806936,150.62957763671875,57808700
2021-09-07 00:00:00-04:00,151.28363626481305,153.51915609845358,150.71743128739138,152.9627227783203,82278300
2021-09-08 00:00:00-04:00,153.24578484904103,153.30435519689405,150.31714828986404,151.42027282714844,74420200
2021-09-09 00:00:00-04:00,151.79123351222952,152.39648028234163,150.28785845020124,150.40501403808594,57305700
2021-09-10 00:00:00-04:00,151.31292061025323,151.7814983871202,145.1627795675759,145.42636108398438,140893200
2021-09-13 00:00:00-04:00,147.04684942260073,147.8180505115286,145.21156570783384,145.99253845214844,102404300
2021-09-14 00:00:00-04:00,146.7735217186003,147.4763957492906,143.4153491043727,144.5965576171875,109296300
2021-09-15 00:00:00-04:00,145.0261185341006,145.88519025288556,142.88821089491876,145.4849395751953,83281300
2021-09-16 00:00:00-04:00,144.90896023332135,145.42635157507343,143.71798000246844,145.25062561035156,68034100
2021-09-17 00:00:00-04:00,145.27992686740734,145.27992686740734,142.29270460935308,142.5855712890625,129868800
2021-09-20 00:00:00-04:00,140.37932278347847,141.39457695669392,137.90950701335717,139.53977966308594,123478900
2021-09-21 00:00:00-04:00,140.5062336067531,141.16030897663776,139.38359538478255,140.01812744140625,75834000
2021-09-22 00:00:00-04:00,141.01389352952881,142.94679012081193,140.28173414994058,142.38059997558594,76404300
2021-09-23 00:00:00-04:00,143.16150856090553,143.58128753921014,142.17553963315416,143.3372344970703,64838200
2021-09-24 00:00:00-04:00,142.19510285111807,143.96204492535793,142.09747565204063,143.4251251220703,53477900
2021-09-27 00:00:00-04:00,142.00962976919416,142.48797924389808,140.39888514559524,141.91200256347656,74150700
2021-09-28 00:00:00-04:00,139.8424227657557,141.30674132874793,138.31953384357482,138.5343017578125,108972300
2021-09-29 00:00:00-04:00,139.08098176355122,141.013878143942,138.65144592439347,139.4324188232422,74602000
2021-09-30 00:00:00-04:00,140.24262425206706,140.9454981075738,137.91923484659685,138.13400268554688,89056700
2021-10-01 00:00:00-04:00,138.52453927839463,139.52028013802934,135.80091312494108,139.25669860839844,94639600
2021-10-04 00:00:00-04:00,138.38784096480848,138.8271483868743,134.98086980059804,135.83016967773438,98322000
2021-10-05 00:00:00-04:00,136.17186716291496,138.8564511470798,136.0449547897289,137.75332641601562,80861100
2021-10-06 00:00:00-04:00,136.15233067899587,138.76857249312508,135.07849119061893,138.6221466064453,83221100
2021-10-07 00:00:00-04:00,139.65691457441454,140.78932429837576,139.32500600229986,139.88143920898438,61732700
2021-10-08 00:00:00-04:00,140.60381095480142,140.75023679417103,139.1687781457282,139.5006866455078,58773200
2021-10-11 00:00:00-04:00,138.88575464341304,141.3653278052875,138.43669034540312,139.41290283203125,64452200
2021-10-12 00:00:00-04:00,139.82288519545196,139.84241361250955,137.68497785008697,138.143798828125,73035900
2021-10-13 00:00:00-04:00,137.8802573777795,138.03644005527403,135.88877555756454,137.55810546875,78762700
2021-10-14 00:00:00-04:00,138.72954178771872,140.45744186952987,138.1438084019397,140.3402862548828,69907100
2021-10-15 00:00:00-04:00,140.35003767716657,141.453147377337,140.09621296187518,141.3945770263672,67940300
2021-10-18 00:00:00-04:00,140.03763996851194,143.34699879821167,139.75454497889402,143.06390380859375,85589200
2021-10-19 00:00:00-04:00,143.51294222106137,145.62156403141842,143.0638929755576,145.2213134765625,76378900
2021-10-20 00:00:00-04:00,145.16279603857302,146.1878221446277,144.59659100003023,145.70947265625,58418800
2021-10-21 00:00:00-04:00,145.27016433537898,146.0804224119474,144.35252229936606,145.92422485351562,61421000
2021-10-22 00:00:00-04:00,146.12924283758312,146.60757740087539,145.1042167942401,145.1530303955078,58883400
2021-10-25 00:00:00-04:00,145.14322894722775,145.8168177773373,144.10844635434742,145.10418701171875,50720600
2021-10-26 00:00:00-04:00,145.77780790953028,147.25188335627817,145.46541277347194,145.76805114746094,60893400
2021-10-27 00:00:00-04:00,145.80709762491546,146.1682914783705,144.95779752805828,145.30923461914062,56094900
2021-10-28 00:00:00-04:00,146.25615073002083,149.5264533730465,146.15852353048365,148.94073486328125,100077900
2021-10-29 00:00:00-04:00,143.7179883048137,146.373287179863,142.92725865743117,146.2366180419922,124953200
2021-11-01 00:00:00-04:00,145.44588063726485,146.1389830509936,144.28418557941234,145.41659545898438,74588300
2021-11-02 00:00:00-04:00,145.12370582377017,147.96448683414823,145.11393416867705,146.45135498046875,69122000
2021-11-03 00:00:00-04:00,146.81257403590004,148.35499132920407,146.25614074482093,147.88641357421875,54511500
2021-11-04 00:00:00-04:00,147.9742807485948,148.80405236999567,147.05663868837075,147.36903381347656,60394600
2021-11-05 00:00:00-04:00,148.49328605752575,148.79635114627666,146.7042085245969,147.8969268798828,65463900
2021-11-08 00:00:00-05:00,148.02403856122066,148.18046407919945,146.80199217243356,147.0757293701172,55020900
2021-11-09 00:00:00-05:00,146.8410949734435,148.0435844748696,146.70422637098488,147.4374542236328,56787900
2021-11-10 00:00:00-05:00,146.66511965093986,146.7726603269792,144.54364896685252,144.61207580566406,65187100
2021-11-11 00:00:00-05:00,145.62885311604722,146.0883289050465,144.37746369649008,144.56321716308594,41000000
2021-11-12 00:00:00-05:00,145.11066161989166,147.03660782102534,144.18190939663026,146.6357879638672,63804000
2021-11-15 00:00:00-05:00,147.00728981052836,148.483531417499,146.08830852560698,146.64556884765625,59222800
2021-11-16 00:00:00-05:00,146.58690654221206,148.102247003654,146.00031832566742,147.62319946289062,59256200
2021-11-17 00:00:00-05:00,147.6232038564801,151.53375230300938,147.61343285568483,150.05752563476562,88807000
2021-11-18 00:00:00-05:00,150.2726099643279,155.12168178008048,149.627365877677,154.33956909179688,137827700
2021-11-19 00:00:00-05:00,154.12449892543512,157.41914644005507,153.02955003283444,156.95965576171875,117305600
2021-11-22 00:00:00-05:00,158.06437288139423,161.99447854129045,157.3995867561447,157.4191436767578,117467900
2021-11-23 00:00:00-05:00,157.51692237613375,158.18172351994562,155.50299185623751,157.80044555664062,96041900
2021-11-24 00:00:00-05:00,157.1551823252834,158.5140974575523,156.07000441983408,158.31857299804688,69463600
2021-11-26 00:00:00-05:00,156.00155632601601,156.8618668141861,152.8633347292546,153.3032684326172,76959800
2021-11-29 00:00:00-05:00,155.8060160344783,157.58532267329434,155.2389847402696,156.6565704345703,88748200
2021-11-30 00:00:00-05:00,156.41215841772612,161.8184901598309,156.34371666317804,161.60340881347656,174048100
2021-12-01 00:00:00-05:00,163.7346232310991,166.4915664393558,160.85059737024878,161.08523559570312,152052500
2021-12-02 00:00:00-05:00,155.19014164372396,160.52803264766237,154.27116024660182,160.09786987304688,136739200
2021-12-03 00:00:00-05:00,160.35202051883033,161.27100166043388,156.14817855062066,158.22076416015625,118023100
2021-12-06 00:00:00-05:00,160.61599065605895,164.12571914002814,160.6062196554979,161.6229705810547,107497000
2021-12-07 00:00:00-05:00,165.29885432698077,167.74294665807957,164.57539762665544,167.3518829345703,120405400
2021-12-08 00:00:00-05:00,168.28069194116756,172.02504411674911,166.882663021836,171.1647186279297,116998900
2021-12-09 00:00:00-05:00,170.9985052389604,172.79735388590385,170.03063915946248,170.6563262939453,108923700
2021-12-10 00:00:00-05:00,171.29180928871014,175.61296364291238,170.78343380069845,175.43698120117188,115402700
2021-12-13 00:00:00-05:00,177.06961358561998,178.0570365302883,171.6046261840087,171.8099365234375,153237000
2021-12-14 00:00:00-05:00,171.33089709564845,173.76521877848376,168.35888695654498,170.4314727783203,139380400
2021-12-15 00:00:00-05:00,171.1940123824784,175.48583813344078,168.45662585148168,175.29031372070312,131063300
2021-12-16 00:00:00-05:00,175.27080896540932,177.08921488839127,166.93156422700537,168.4077911376953,150185800
2021-12-17 00:00:00-05:00,166.12984262332955,169.59068583995455,165.89521929851176,167.3127899169922,195432700
2021-12-20 00:00:00-05:00,164.51677542044033,166.76534380811088,163.71512072913166,165.9539031982422,107499100
2021-12-21 00:00:00-05:00,167.72340078083394,169.3267248588515,165.33796412188073,169.12142944335938,91185900
2021-12-22 00:00:00-05:00,169.17031112645324,171.9272548095711,168.300214735498,171.71217346191406,92135300
2021-12-23 00:00:00-05:00,171.91745288802377,172.89508977696892,171.350421702329,172.33782958984375,68356600
2021-12-27 00:00:00-05:00,173.12976761664484,176.38530127238838,173.11022561335014,176.2973175048828,74919600
2021-12-28 00:00:00-05:00,176.1310871789595,177.27492068975482,174.5375340801528,175.28053283691406,79144300
2021-12-29 00:00:00-05:00,175.31966069433915,176.59059189162147,174.15627017338588,175.36854553222656,62348900
2021-12-30 00:00:00-05:00,175.45656938208302,176.53197639110655,174.10742511941015,174.2149658203125,59773000
2021-12-31 00:00:00-05:00,174.10740540326523,175.22191121478994,173.2959647369927,173.5990447998047,64062300
2022-01-03 00:00:00-05:00,173.8532415771097,178.7903128894999,173.73592987558766,177.93975830078125,104487900
2022-01-04 00:00:00-05:00,178.5458346271631,178.84889968411812,175.1143195069881,175.6813507080078,99310400
2022-01-05 00:00:00-05:00,175.5933747274367,176.1408490374331,170.7345178498846,171.0082550048828,94537600
2022-01-06 00:00:00-05:00,168.83789205056922,171.37975399378487,167.80159930862231,168.15354919433594,96904000
2022-01-07 00:00:00-05:00,169.02364770562122,170.24569386432273,167.20524242477114,168.3197479248047,86709100
2022-01-10 00:00:00-05:00,165.29890311477462,168.6424206204467,164.40924966346103,168.33935546875,106765600
2022-01-11 00:00:00-05:00,168.46644539148625,171.26247339503044,166.99998962694013,171.1647186279297,76138300
2022-01-12 00:00:00-05:00,172.18141648353657,173.21770927349675,170.91050037060046,171.6046142578125,74805200
2022-01-13 00:00:00-05:00,171.84906951188285,172.6702811972984,167.9482916298187,168.33935546875,84505800
2022-01-14 00:00:00-05:00,167.50832321300913,169.89375992557677,167.26391395832079,169.19964599609375,80440800
2022-01-18 00:00:00-05:00,167.67452813175186,168.6814931182034,165.6214992398613,166.00277709960938,90956700
2022-01-19 00:00:00-05:00,166.1982840356235,167.2541337478389,162.22908034487583,162.51258850097656,94815000
2022-01-20 00:00:00-05:00,163.24586569234862,165.8854833139809,160.50847837757559,160.8311004638672,91420500
2022-01-21 00:00:00-05:00,160.74307541554964,162.61036568511253,158.67048972769118,158.7780303955078,122848900
2022-01-24 00:00:00-05:00,156.44151145113545,158.67052310978175,151.24047430258736,158.00572204589844,162294600
2022-01-25 00:00:00-05:00,155.42475069595457,159.1202179477596,153.50859022634555,156.2068634033203,115798400
2022-01-26 00:00:00-05:00,159.84369205931444,160.71378862428045,154.2907195812304,156.118896484375,108275300
2022-01-27 00:00:00-05:00,158.8171416631375,160.1760566161972,154.74039680395836,155.6593780517578,121954600
2022-01-28 00:00:00-05:00,162.0042414218655,166.5404767176366,159.1593140383979,166.5209197998047,179935700
2022-01-31 00:00:00-05:00,166.3547206203823,171.0864802658057,165.71924760028926,170.87139892578125,115541600
2022-02-01 00:00:00-05:00,170.11859681152686,170.93003725349797,168.4566170141108,170.70518493652344,86213900
2022-02-02 00:00:00-05:00,170.84207875406224,171.94681342176997,169.45383589849953,171.90769958496094,84914300
2022-02-03 00:00:00-05:00,170.5781464577833,172.2987975978528,168.2709219070581,169.03347778320312,89418100
2022-02-04 00:00:00-05:00,168.05455952783922,170.42346859121156,167.0756769166009,168.74957275390625,82465400
2022-02-07 00:00:00-05:00,169.20964451994723,170.27662295458384,167.3399751947351,168.0349884033203,77251200
2022-02-08 00:00:00-05:00,168.10351922686326,171.64708470161528,167.8098514342005,171.1380615234375,74829200
2022-02-09 00:00:00-05:00,172.3322647747442,172.91958530484067,171.20654095307694,172.55740356445312,71285000
2022-02-10 00:00:00-05:00,170.4626223841964,171.7743215374217,167.92731993059743,168.4852752685547,90865900
2022-02-11 00:00:00-05:00,168.690860750742,169.4250227899619,164.4914455219278,165.0787811279297,98670700
2022-02-14 00:00:00-05:00,163.83556797241158,165.99890498473425,163.04267549502603,165.31369018554688,86185500
2022-02-15 00:00:00-05:00,167.35955476472148,169.29773807776493,166.654758116967,169.14111328125,62527400
2022-02-16 00:00:00-05:00,168.22100455291906,169.67953027359678,166.45901263665095,168.90621948242188,61177400
2022-02-17 00:00:00-05:00,167.41828169802858,168.27970312361404,164.91234475439344,165.31369018554688,69589300
2022-02-18 00:00:00-05:00,166.23386310925557,166.93864489391834,162.68051421778296,163.76707458496094,82772700
2022-02-22 00:00:00-05:00,161.49607262837773,163.16996871038384,158.7258326412145,160.8500213623047,91162800
2022-02-23 00:00:00-05:00,162.04424861753867,162.64136771002168,156.3765239008277,156.6897735595703,90009200
2022-02-24 00:00:00-05:00,149.357894860665,159.41102239990326,148.79014121364656,159.3033447265625,141147500
2022-02-25 00:00:00-05:00,160.38016942776312,161.63313833449817,157.47288604382865,161.3688507080078,91974200
2022-02-28 00:00:00-05:00,159.61662156600548,161.92678549313706,158.99992064321486,161.63311767578125,95056600
2022-03-01 00:00:00-05:00,161.22195543903135,163.08184127413253,158.54961021930214,159.75363159179688,83474400
2022-03-02 00:00:00-05:00,160.91852050375005,163.82580321014547,159.50892707803538,163.04269409179688,79724800
2022-03-03 00:00:00-05:00,164.91235266773373,165.3430634011942,162.05401727070716,162.7196502685547,76678400
2022-03-04 00:00:00-05:00,161.01642127862274,162.0540345545001,158.67689221468046,159.7242889404297,83737200
2022-03-07 00:00:00-05:00,159.91025004561254,161.53519862355543,155.6814703637219,155.9359893798828,96418800
2022-03-08 00:00:00-05:00,155.4661275372027,159.4403881412621,152.50989817230385,154.11526489257812,131148300
2022-03-09 00:00:00-05:00,158.06996768709067,159.95921898709753,156.04368834876885,159.50892639160156,91454900
2022-03-10 00:00:00-05:00,156.81700107101284,157.0029911685478,152.6861150001443,155.1724853515625,105342000
2022-03-11 00:00:00-05:00,155.57381332247203,155.91642822664025,151.23737032666907,151.46250915527344,96970100
2022-03-14 00:00:00-04:00,148.25177493215907,150.86538982544317,146.9302923114544,147.43930053710938,108732100
2022-03-15 00:00:00-04:00,147.71340492610565,152.28480063427574,147.204396636905,151.81492614746094,92964300
2022-03-16 00:00:00-04:00,153.73352378158447,156.6212246232631,151.19822129277074,156.21987915039062,102300200
2022-03-17 00:00:00-04:00,155.2605702418383,157.60009906528276,154.30126947324382,157.22811889648438,75615400
2022-03-18 00:00:00-04:00,157.12042735161046,161.00659213717293,156.38626546421042,160.51715087890625,123511700
2022-03-21 00:00:00-04:00,160.0571133745572,162.8371517415441,159.5676719986422,161.88763427734375,95811400
2022-03-22 00:00:00-04:00,162.01487524148183,165.84231029999864,161.42755456550663,165.25498962402344,81532000
2022-03-23 00:00:00-04:00,164.4424952526729,168.9942934206818,164.1096638130363,166.61561584472656,98062700
2022-03-24 00:00:00-04:00,167.44768776251115,170.4626485498089,166.6156463524789,170.39413452148438,90131400
2022-03-25 00:00:00-04:00,170.2080920251791,171.5785215356228,169.10195003253148,171.0303497314453,80546200
2022-03-28 00:00:00-04:00,168.53419473681177,172.01901397467847,168.36778650765086,171.8917694091797,90371900
2022-03-29 00:00:00-04:00,172.95877935054617,175.22977935165113,172.6161644453855,175.18084716796875,100589400
2022-03-30 00:00:00-04:00,174.77947258625517,175.8170856417981,172.96853399467147,174.0159454345703,92633200
2022-03-31 00:00:00-04:00,174.08448573079536,174.27047582290578,170.7171270473916,170.92269897460938,103049300
2022-04-01 00:00:00-04:00,170.35492714540266,171.18698327855927,168.30906622272897,170.62901306152344,78751300
2022-04-04 00:00:00-04:00,170.88357292891146,174.720791608407,170.75631338866327,174.67184448242188,76468400
2022-04-05 00:00:00-04:00,173.75165021722813,174.53475923368862,170.7366902126206,171.36317443847656,73401800
2022-04-06 00:00:00-04:00,168.7201767337751,169.96336160580736,166.53727309062347,168.2013702392578,89058800
2022-04-07 00:00:00-04:00,167.54556668896316,169.69910564386342,166.26323274049562,168.50486755371094,77594700
2022-04-08 00:00:00-04:00,168.15248323813117,168.15248323813117,165.6269638660641,166.4981689453125,76575500
2022-04-11 00:00:00-04:00,165.1472853633742,165.46052001953282,162.0050657338506,162.24978637695312,72246700
2022-04-12 00:00:00-04:00,164.4718899777678,166.2828141709391,163.12102695263263,164.11949157714844,79265200
2022-04-13 00:00:00-04:00,163.85518867958416,167.42810486793778,163.24828613297083,166.80162048339844,70618900
2022-04-14 00:00:00-04:00,167.01694559853848,167.65322825491936,161.55477886000992,161.79949951171875,75329400
2022-04-18 00:00:00-04:00,160.45842830966066,163.0818413516457,160.11582837374732,161.5841522216797,69023900
2022-04-19 00:00:00-04:00,161.53522902332887,164.27610359926777,160.44866861751814,163.86495971679688,67723800
2022-04-20 00:00:00-04:00,165.19623667762264,165.31371275678185,162.59242008519655,163.69854736328125,67929800
2022-04-21 00:00:00-04:00,165.34307817395856,167.90774603308134,162.4064301142371,162.90565490722656,87227800
2022-04-22 00:00:00-04:00,162.94482378114378,164.3250370614869,158.08955892864606,158.37342834472656,84882400
2022-04-25 00:00:00-04:00,157.71757136622622,159.7242838315626,155.11375480994548,159.44041442871094,96046400
2022-04-26 00:00:00-04:00,158.82370741856425,158.91180327087787,153.41048764569481,153.48880004882812,95623200
2022-04-27 00:00:00-04:00,152.61760570667977,156.41566043489684,152.09879906936447,153.263671875,88063200
2022-04-28 00:00:00-04:00,155.88707729102597,161.04579354437072,155.57382764277364,160.1843719482422,130216800
2022-04-29 00:00:00-04:00,158.42236732431553,162.69029635210208,153.92929946524063,154.3208465576172,131747600
2022-05-02 00:00:00-04:00,153.40067973909794,154.88857035171824,150.0333216240582,154.62428283691406,123055300
2022-05-03 00:00:00-04:00,154.81025192073247,157.31620351399488,153.0189101995976,156.11216735839844,88966500
2022-05-04 00:00:00-04:00,156.29818841895514,162.964376768375,155.8968429541357,162.51409912109375,108256500
2022-05-05 00:00:00-04:00,160.38988547136523,160.6150242386814,151.67782324411957,153.4593963623047,130525300
2022-05-06 00:00:00-04:00,152.93986371222095,156.3023722983105,151.14587460582203,154.18487548828125,116124600
2022-05-09 00:00:00-04:00,151.8811126841976,152.76341048572758,148.50882129057032,149.06759643554688,131577900
2022-05-10 00:00:00-04:00,152.45950928453797,153.65550196924158,149.92046680625165,151.46937561035156,115366700
2022-05-11 00:00:00-04:00,150.4792663261752,152.3908891933398,142.94059580220576,143.6170196533203,142689800
2022-05-12 00:00:00-04:00,139.96043637411066,143.32293029647687,136.0685607235715,139.7545623779297,182602000
2022-05-13 00:00:00-04:00,141.74458368466105,145.18551933414366,140.29371306035543,144.21499633789062,113990900
2022-05-16 00:00:00-04:00,142.68573136301794,144.61696502202452,141.3426813570236,142.67591857910156,86643800
2022-05-17 00:00:00-04:00,145.93055862687706,146.82265416778552,143.79345144967377,146.30308532714844,78336300
2022-05-18 00:00:00-04:00,143.9601314929513,144.46008977155722,137.14688920750964,138.04879760742188,109742900
2022-05-19 00:00:00-04:00,137.12732118856076,138.87229156176298,133.9118691553446,134.64710998535156,136095600
2022-05-20 00:00:00-04:00,136.3528207232791,137.93113785871375,130.00034593006458,134.88233947753906,137426100
2022-05-23 00:00:00-04:00,135.0784317492794,140.4407891232643,134.9411873997547,140.2937469482422,117726300
2022-05-24 00:00:00-04:00,138.03898075989613,139.17615657107172,134.62746828487894,137.59783935546875,104132700
2022-05-25 00:00:00-04:00,135.7058176181396,138.99969650386015,135.61759232548434,137.75469970703125,92482700
2022-05-26 00:00:00-04:00,134.68625219409884,141.49947765357643,134.4411720339845,140.95050048828125,90601500
2022-05-27 00:00:00-04:00,142.5288570634857,146.73442720207444,142.40141055796454,146.69522094726562,90978500
2022-05-31 00:00:00-04:00,146.13641898717157,147.69512536408004,143.95029298038025,145.9109344482422,103718400
2022-06-01 00:00:00-04:00,146.95010821381516,148.75391017683245,144.773794451972,145.78353881835938,74286600
2022-06-02 00:00:00-04:00,144.9208398093746,148.2931460840145,143.96992734384497,148.2343292236328,72348100
2022-06-03 00:00:00-04:00,144.00911981753086,145.05807025566116,141.61714962601158,142.51904296875,88570300
2022-06-06 00:00:00-04:00,144.13659949613532,145.64630225545608,142.04851092055418,143.2641143798828,71598400
2022-06-07 00:00:00-04:00,141.50933876771822,146.06782531945106,141.26425852389363,145.78353881835938,67808200
2022-06-08 00:00:00-04:00,145.6560729457736,146.9206802540853,144.55811838609154,145.04827880859375,53950200
2022-06-09 00:00:00-04:00,144.18562036487367,145.0384948829892,139.72515664096548,139.83299255371094,69473000
2022-06-10 00:00:00-04:00,137.5194322486073,137.98998215242344,134.36279735008839,134.43142700195312,91437900
2022-06-13 00:00:00-04:00,130.25522177759234,132.53937106937602,128.85337019356888,129.2847137451172,122207100
2022-06-14 00:00:00-04:00,130.5101288143863,131.25516732822615,128.89259032192393,130.14739990234375,84784300
2022-06-15 00:00:00-04:00,131.64728162043858,134.63726323315953,129.5592083618082,132.7648468017578,91533000
2022-06-16 00:00:00-04:00,129.48081745861586,129.78471461746233,126.50063282793158,127.50056457519531,108123900
2022-06-17 00:00:00-04:00,127.51033981148552,130.4611001773296,127.25544681769559,128.97100830078125,134520300
2022-06-21 00:00:00-04:00,130.79442925101708,134.36279718069025,130.69640612370614,133.1962127685547,81000500
2022-06-22 00:00:00-04:00,132.1374700396713,135.04902480535304,131.27479767249656,132.68646240234375,73409200
2022-06-23 00:00:00-04:00,134.1275183400123,135.86267563561398,132.96093402675356,135.54898071289062,72433800
2022-06-24 00:00:00-04:00,137.14690930909833,139.1173641987572,137.01947774401722,138.87228393554688,89116800
2022-06-27 00:00:00-04:00,139.8918112487565,140.666273257268,138.1958600157244,138.87228393554688,70207900
2022-06-28 00:00:00-04:00,139.33299738336785,140.59760460905184,134.61765682035212,134.73529052734375,67083400
2022-06-29 00:00:00-04:00,134.75490940956817,137.90173093297278,133.98044756827542,136.4900665283203,66242400
2022-06-30 00:00:00-04:00,134.54906419941244,135.6470189893978,131.13755113159218,134.0294952392578,98964500
2022-07-01 00:00:00-04:00,133.36284196732555,136.3038045198631,132.9903302157903,136.1959686279297,71051600
2022-07-05 00:00:00-04:00,135.05882114715405,138.82324999611623,134.23534018265374,138.77423095703125,73353800
2022-07-06 00:00:00-04:00,138.56834136394644,141.28381901974345,138.30365057809186,140.10743713378906,74064300
2022-07-07 00:00:00-04:00,140.47019110271424,143.66604717243726,140.4603932776671,143.46998596191406,66253700
2022-07-08 00:00:00-04:00,142.4014377182976,144.646381415915,142.14655961715215,144.1464080810547,64547800
2022-07-11 00:00:00-04:00,142.80336382609462,143.75427642973983,140.95055766241197,142.01910400390625,63141600
2022-07-12 00:00:00-04:00,142.89154019342988,145.5286052761855,142.19552087150592,142.9895782470703,77588800
2022-07-13 00:00:00-04:00,140.17611985083454,143.5680224891842,139.32323031975335,142.62692260742188,71185600
2022-07-14 00:00:00-04:00,141.24462523992875,146.0187828364424,140.43095716603992,145.54823303222656,78140700
2022-07-15 00:00:00-04:00,146.83244295612025,147.89119117713278,145.28353435270415,147.2147674560547,76259900
2022-07-18 00:00:00-04:00,147.77357228115997,148.58724039251226,143.81306761767442,144.17579650878906,81420900
2022-07-19 00:00:00-04:00,145.0090674390563,148.25392726287154,144.01894870347078,148.02845764160156,82982400
2022-07-20 00:00:00-04:00,148.14609070693865,150.6949310490213,147.41085002655058,150.02830505371094,64823400
2022-07-21 00:00:00-04:00,151.45956799212024,152.50851845862235,148.94994906470606,152.2928466796875,65086600
2022-07-22 00:00:00-04:00,152.33208328648058,153.2045683993023,150.39105184778396,151.0576629638672,66675400
2022-07-25 00:00:00-04:00,150.97924722556508,151.9889767618816,149.28329591095286,149.9401092529297,53623900
2022-07-26 00:00:00-04:00,149.2636385384265,150.0773065915356,147.83237855759032,148.61663818359375,55138700
2022-07-27 00:00:00-04:00,149.57734107239523,154.2338646113094,149.1656081545016,153.70448303222656,78620700
2022-07-28 00:00:00-04:00,153.8907653704556,154.53778073211737,151.37134852302864,154.2534942626953,81378700
2022-07-29 00:00:00-04:00,158.06698413815568,160.40995103683753,156.36121998956833,159.31198120117188,101786900
2022-08-01 00:00:00-04:00,157.84145882480365,160.3706884793457,157.72382510643268,158.3316192626953,67829400
2022-08-02 00:00:00-04:00,156.94938527079637,159.21392420256825,156.48863324172908,156.86114501953125,59907000
2022-08-03 00:00:00-04:00,157.67481177613547,163.311657015849,157.58658648416494,162.8607177734375,82507500
2022-08-04 00:00:00-04:00,162.7430429706028,163.8998292386339,161.19413438441296,162.54698181152344,55474100
2022-08-05 00:00:00-04:00,160.22042780912037,162.81206933981917,160.01426786699392,162.32122802734375,56697000
2022-08-08 00:00:00-04:00,163.32251461167718,164.7361398246356,161.19226535966965,161.84999084472656,60276900
2022-08-09 00:00:00-04:00,161.0155852740051,162.78261696114208,160.25968547297944,161.8990936279297,63135500
2022-08-10 00:00:00-04:00,164.60854654925055,166.23814341245296,163.8428352480907,166.13998413085938,70170500
2022-08-11 00:00:00-04:00,166.94496643142614,167.8579391801427,165.10922447830612,165.4037322998047,57149200
2022-08-12 00:00:00-04:00,166.70936592550703,169.01631131920942,166.2970460032489,168.94760131835938,68039400
2022-08-15 00:00:00-04:00,168.37824586437776,170.2139879921987,168.21136157814783,170.0176544189453,54091700
2022-08-16 00:00:00-04:00,169.61514449782814,170.52811724537264,168.51566461022102,169.86056518554688,56377100
2022-08-17 00:00:00-04:00,169.60531301748716,172.92339013736907,169.4089794863745,171.3527069091797,79542000
2022-08-18 00:00:00-04:00,170.56737014082248,171.69629926083016,169.9489052427666,170.9600372314453,62290100
2022-08-19 00:00:00-04:00,169.86053968443733,170.55754092380556,168.1720444080825,168.37820434570312,70346300
2022-08-22 00:00:00-04:00,166.58172694573366,166.74861119438174,164.07843325743647,164.5005645751953,69026800
2022-08-23 00:00:00-04:00,164.0195321647684,165.6196796113523,163.5974008535258,164.16677856445312,54147100
2022-08-24 00:00:00-04:00,164.25517396927194,165.03069679360976,163.20476617884324,164.46131896972656,53841500
2022-08-25 00:00:00-04:00,165.68834809556023,167.02343670894956,165.26623186935652,166.9154510498047,51218200
2022-08-26 00:00:00-04:00,167.44561591056575,167.91681938586046,160.56401098389765,160.62290954589844,78961000
2022-08-29 00:00:00-04:00,158.19813716461735,159.91608162954805,156.89251255304256,158.42393493652344,73314000
2022-08-30 00:00:00-04:00,159.16019500251252,159.58231130465205,154.8309714061125,155.99917602539062,77906200
2022-08-31 00:00:00-04:00,157.3735291899389,157.63858767600124,154.2615972644816,154.3401336669922,87991100
2022-09-01 00:00:00-04:00,153.77077627080038,155.51817026416148,151.836860169279,155.0666046142578,74229900
2022-09-02 00:00:00-04:00,156.82379496598037,157.42262194968552,152.13135334781393,152.95596313476562,76957800
2022-09-06 00:00:00-04:00,153.60388383195894,154.21252227519972,150.87480729194033,151.6994171142578,73714800
2022-09-07 00:00:00-04:00,151.9840626954153,153.80016598458548,150.79622050731138,153.10317993164062,87449600
2022-09-08 00:00:00-04:00,151.80737191866996,153.49586691377095,149.88326774543208,151.63067626953125,84923800
2022-09-09 00:00:00-04:00,152.62220516793604,154.92916542303703,151.91539245059826,154.48739624023438,68028800
2022-09-12 00:00:00-04:00,156.66669857838036,161.25115382171967,156.3820172588061,160.4363555908203,104956000
2022-09-13 00:00:00-04:00,156.97102730327344,157.5993035102858,150.5606417135221,151.02203369140625,122656600
2022-09-14 00:00:00-04:00,151.9546696901294,154.2223694761001,150.79629120920487,152.46514892578125,87965400
2022-09-15 00:00:00-04:00,151.81718374523024,152.39638777057854,148.60709294324934,149.57894897460938,90481100
2022-09-16 00:00:00-04:00,148.4402429431555,148.57767791761873,145.6522527794473,147.9395751953125,162278800
2022-09-19 00:00:00-04:00,146.57501740526791,151.7288507316376,146.36887246061372,151.6503143310547,81474200
2022-09-20 00:00:00-04:00,150.59012663818945,155.18440966019696,150.27599594996536,154.02601623535156,107689800
2022-09-21 00:00:00-04:00,154.45792171393398,155.83228620825895,150.78643873263653,150.90423583984375,101696800
2022-09-22 00:00:00-04:00,149.588778163199,151.64049091114813,148.1457037475465,149.9421844482422,86652500
2022-09-23 00:00:00-04:00,148.42057250414538,148.69544239271363,145.83874285871622,147.6744842529297,96029900
2022-09-26 00:00:00-04:00,146.91861726875362,150.95333323742267,146.8989794231201,148.00828552246094,93339400
2022-09-27 00:00:00-04:00,149.9421927062511,151.88591989139582,147.20329010150107,148.98013305664062,84442700
2022-09-28 00:00:00-04:00,144.93563790031018,147.88068609523327,142.18692325585735,147.0953369140625,146691400
2022-09-29 00:00:00-04:00,143.42383363893248,144.03247205665744,138.1031007730531,139.87013244628906,128138200
2022-09-30 00:00:00-04:00,138.69214875072967,140.4788186878684,135.4722302730186,135.66856384277344,124925300
2022-10-03 00:00:00-04:00,135.67834355315813,140.44932105441077,135.16786446408517,139.84066772460938,114311700
2022-10-04 00:00:00-04:00,142.37345088895668,143.54165578156733,141.61755096209856,143.42385864257812,87830100
2022-10-05 00:00:00-04:00,141.43100052371705,144.6803670999918,140.39040452379436,143.7183074951172,79471000
2022-10-06 00:00:00-04:00,143.13912691743977,144.8374334955695,142.5599378213271,142.76608276367188,68402200
2022-10-07 00:00:00-04:00,139.9290298735793,140.47878470691822,136.8956342636469,137.52391052246094,85925600
2022-10-10 00:00:00-04:00,137.84788513183594,139.29095992216133,136.03178109548642,137.84788513183594,74899000
2022-10-11 00:00:00-04:00,137.33739611427865,138.76084793369003,135.68817645989057,136.4342498779297,77033700
2022-10-12 00:00:00-04:00,136.58152223774053,137.78898779453903,135.62928879673916,135.8059844970703,70433700
2022-10-13 00:00:00-04:00,132.5173428390662,140.9598044199806,131.90868942611982,140.3708038330078,113224000
2022-10-14 00:00:00-04:00,141.66660017858484,141.87276009592642,135.65870802953629,135.84523010253906,88598000
2022-10-17 00:00:00-04:00,138.48597103526853,140.282437004532,137.7006219624551,139.80142211914062,85250900
2022-10-18 00:00:00-04:00,142.82500010106065,144.0128276023933,138.03438444661543,141.1168670654297,99136600
2022-10-19 00:00:00-04:00,139.09460416043055,142.2948839097448,138.9080820775627,141.224853515625,61758300
2022-10-20 00:00:00-04:00,140.4002861652171,143.21771116667537,140.03705332282223,140.7635040283203,64522000
2022-10-21 00:00:00-04:00,140.25299045906925,145.1417806685085,140.03701908535325,144.57240295410156,86548600
2022-10-24 00:00:00-04:00,144.4938810962025,147.47818995640918,143.32567626964715,146.7124786376953,75981900
2022-10-25 00:00:00-04:00,147.34075911907576,149.6968066869272,146.62413491177585,149.54954528808594,74732300
2022-10-26 00:00:00-04:00,148.19482861119383,149.2059606049606,145.32830191392304,146.61431884765625,88194300
2022-10-27 00:00:00-04:00,145.35776595535313,146.3198108162611,141.48993368404496,142.1476593017578,109180200
2022-10-28 00:00:00-04:00,145.48537216958695,154.6150242142885,145.11234293200243,152.88726806640625,164762400
2022-10-31 00:00:00-04:00,150.35450854811523,151.4147275390832,149.13721674827332,150.5312042236328,97943200
2022-11-01 00:00:00-04:00,152.23931825640548,152.60253597457515,146.3983105936967,147.8904571533203,80379300
2022-11-02 00:00:00-04:00,146.22162239502856,149.3826416112209,142.34397906464244,142.37342834472656,93604600
2022-11-03 00:00:00-04:00,139.45781809061094,140.18426855678922,136.20845130657773,136.33607482910156,97918500
2022-11-04 00:00:00-04:00,139.71864706361086,140.28896920604143,132.1373281619349,136.07057189941406,140814800
2022-11-07 00:00:00-05:00,134.82180210827255,136.82775039724396,133.40583154940404,136.60159301757812,83374600
2022-11-08 00:00:00-05:00,138.06669154902085,139.06965789658196,135.19542542837,137.171875,89908500
2022-11-09 00:00:00-05:00,136.18854844074562,136.23771698252543,132.34379953720284,132.61912536621094,74917800
2022-11-10 00:00:00-05:00,138.88286812786214,144.4188995361328,137.171901375878,144.4188995361328,118854000
2022-11-11 00:00:00-05:00,143.3864383750097,147.5064994693465,141.9606252113591,147.20167541503906,93979700
2022-11-14 00:00:00-05:00,146.48384590068005,147.77198095425382,144.96953850636208,145.80535888671875,73374100
2022-11-15 00:00:00-05:00,149.67963703147598,151.02676861885655,146.08071431905194,147.5360107421875,89868300
2022-11-16 00:00:00-05:00,146.64120672406102,147.36884742264508,144.831902680013,146.30686950683594,64218300
2022-11-17 00:00:00-05:00,143.98622301357588,148.9519465811487,143.71089713297823,148.2046356201172,80389400
2022-11-18 00:00:00-05:00,149.76811828911318,150.15160903599656,147.46717380781297,148.76513671875,74829600
2022-11-21 00:00:00-05:00,147.65398361312236,147.86047052115927,145.25470236836378,145.53985595703125,58724100
2022-11-22 00:00:00-05:00,145.65786938764137,147.9096450709946,144.47788413446048,147.67364501953125,51804100
2022-11-23 00:00:00-05:00,146.95585380028717,149.29613922514196,146.84768896962234,148.548828125,58301400
2022-11-25 00:00:00-05:00,145.83488861865806,146.39538323134536,144.6647458342524,145.6382293701172,35195900
2022-11-28 00:00:00-05:00,142.7177853624681,144.19275214587688,140.98716307142482,141.81314086914062,69246000
2022-11-29 00:00:00-05:00,141.8819361067611,142.39326202258005,138.00770341068628,138.8140106201172,83763800
2022-11-30 00:00:00-05:00,139.04018245155586,146.23802684928043,138.2043770255708,145.55953979492188,111380900
2022-12-01 00:00:00-05:00,145.73654727553216,146.64119170281938,144.16324348642758,145.83486938476562,71250400
2022-12-02 00:00:00-05:00,143.52408428382984,145.53003217962117,143.21924526160134,145.34320068359375,65447400
2022-12-05 00:00:00-05:00,145.30389650239576,148.40132070138284,143.33727415278167,144.18292236328125,68826400
2022-12-06 00:00:00-05:00,144.61558740538712,144.84174478338647,139.55152565219004,140.52500915527344,64727200
2022-12-07 00:00:00-05:00,139.8170142991394,140.97731424983792,137.66356048798676,138.58787536621094,69721100
2022-12-08 00:00:00-05:00,139.98414879173407,141.1247931057231,138.7451823842777,140.26930236816406,62128300
2022-12-09 00:00:00-05:00,139.96447961702353,143.14058484738695,138.5485094221092,139.78749084472656,76097000
2022-12-12 00:00:00-05:00,140.31850830999085,142.08847150955347,138.70587850686456,142.07864379882812,70462700
2022-12-13 00:00:00-05:00,147.00499369488003,147.46715106267968,141.83278326469596,143.04225158691406,93886200
2022-12-14 00:00:00-05:00,142.92427726159215,144.21241242784126,138.80420126905452,140.8199920654297,82291200
2022-12-15 00:00:00-05:00,138.75501875197617,139.43350575702271,133.7597969655739,134.22195434570312,98931900
2022-12-16 00:00:00-05:00,134.4088086870883,135.35277902524194,131.4982009688156,132.2651824951172,160156900
2022-12-19 00:00:00-05:00,132.8551821275431,132.94367653807714,129.12843913282236,130.16090393066406,79592600
2022-12-20 00:00:00-05:00,129.19722445474264,131.02618341248566,127.72225803734129,130.092041015625,77432800
2022-12-21 00:00:00-05:00,130.7607190395491,134.52680273214906,130.53456166494178,133.1894989013672,85928000
2022-12-22 00:00:00-05:00,132.10790014329945,132.3143871467837,128.12548574482568,130.0232696533203,77852100
2022-12-23 00:00:00-05:00,128.73510883960984,130.21007573511977,127.47647162243918,129.659423828125,63814900
2022-12-27 00:00:00-05:00,129.18740012847,129.21689825725943,126.57178934548489,127.85992431640625,69007800
2022-12-28 00:00:00-05:00,127.50594763388183,128.84325132058044,123.76936998157427,123.93653106689453,85438400
2022-12-29 00:00:00-05:00,125.8539710621533,128.30241331797103,125.59831560715067,127.44693756103516,75703700
2022-12-30 00:00:00-05:00,126.26698977683235,127.78128236285382,125.30334153820444,127.76161193847656,77034200
2023-01-03 00:00:00-05:00,128.1057773178633,128.7154254385632,122.0977455022682,122.98272705078125,112117500
2023-01-04 00:00:00-05:00,124.77233620258212,126.51280092971427,122.9925456360047,124.25118255615234,89113600
2023-01-05 00:00:00-05:00,125.00834271164995,125.63766124201173,122.67790010774006,122.93355560302734,80962700
2023-01-06 00:00:00-05:00,123.90701107409377,128.11557310740474,122.80570014344461,127.45675659179688,87754700
2023-01-09 00:00:00-05:00,128.29261784653937,131.18355527394988,127.72229553056178,127.97795104980469,70790800
2023-01-10 00:00:00-05:00,128.08610610497774,129.06941726347972,125.98182082594903,128.5482635498047,63896200
2023-01-11 00:00:00-05:00,129.05956971451124,131.28184718963053,128.28276062052532,131.26219177246094,69458900
2023-01-12 00:00:00-05:00,131.6456901154858,132.0193381171801,129.24640871746402,131.18353271484375,71379600
2023-01-13 00:00:00-05:00,129.8265664212103,132.6683349676498,129.46274610687883,132.51100158691406,57809700
2023-01-17 00:00:00-05:00,132.5798193932039,134.99875596810472,131.8915047175872,133.67129516601562,63646600
2023-01-18 00:00:00-05:00,134.5365916913309,136.29671143241532,132.77645694611428,132.95346069335938,69672800
2023-01-19 00:00:00-05:00,131.8423392118264,133.97612225756075,131.53751520588366,133.01248168945312,58280400
2023-01-20 00:00:00-05:00,133.02233471040634,135.71661273457056,131.98002726434026,135.56910705566406,80223600
2023-01-23 00:00:00-05:00,135.81492969380113,140.92815961902411,135.59860004292767,138.75503540039062,81760300
2023-01-24 00:00:00-05:00,137.9683697007518,140.77081216801105,137.95854199183503,140.1513214111328,66435100
2023-01-25 00:00:00-05:00,138.53869500355867,140.0529874380773,136.49340619294276,139.4925079345703,65799300
2023-01-26 00:00:00-05:00,140.78064047196506,141.8426182007582,139.53183124401355,141.55746459960938,54105100
2023-01-27 00:00:00-05:00,140.77085209552519,144.77292136359273,140.69218538947123,143.49461364746094,70555800
2023-01-30 00:00:00-05:00,142.54079133466578,143.12094131391822,140.46600420175812,140.61349487304688,64015300
2023-01-31 00:00:00-05:00,140.31849689379183,141.93112656571586,139.90550801485074,141.8819580078125,65874500
2023-02-01 00:00:00-05:00,141.56731895311415,144.16325999959267,138.96155019582764,143.00294494628906,77663600
2023-02-02 00:00:00-05:00,146.41502317640206,148.65697138188685,145.6972102432423,148.30299377441406,118339000
2023-02-03 00:00:00-05:00,145.55951636317744,154.7534795979514,145.36285717719954,151.92153930664062,154357300
2023-02-06 00:00:00-05:00,150.0237617823619,150.54491539574025,148.26362674506663,149.19776916503906,69858300
2023-02-07 00:00:00-05:00,148.12600388600742,152.63939885505883,148.12600388600742,152.06907653808594,83322600
2023-02-08 00:00:00-05:00,151.3119247541495,152.00023955919008,148.64714493246836,149.38462829589844,64120100
2023-02-09 00:00:00-05:00,151.21356571138807,151.75438976697808,147.9096401221254,148.3521270751953,56007100
2023-02-10 00:00:00-05:00,147.1900598433605,149.0414968354293,146.95369947058745,148.7165069580078,57450700
2023-02-13 00:00:00-05:00,148.65746211757215,151.9171894883824,148.62791894110939,151.513427734375,62199000
2023-02-14 00:00:00-05:00,149.80967642706798,151.4346261088162,148.568818055862,150.87327575683594,61707600
2023-02-15 00:00:00-05:00,150.7846469892343,153.13834833360136,150.55814431502776,152.97093200683594,65573800
2023-02-16 00:00:00-05:00,151.17854429955682,153.95572244720177,151.02098573800205,151.37551879882812,68167900
2023-02-17 00:00:00-05:00,150.03619479649413,150.6763169294936,148.55897600306773,150.233154296875,59144100
2023-02-21 00:00:00-05:00,147.9188390818426,149.00213887625634,146.15603126407484,146.22496032714844,58867200
2023-02-22 00:00:00-05:00,146.60903658364012,147.67263591965713,144.9250155718982,146.6484375,51011300
2023-02-23 00:00:00-05:00,147.810473815914,148.0566768897737,145.0037677901394,147.13095092773438,48394200
2023-02-24 00:00:00-05:00,144.87574571223192,144.95453250364176,143.50685714395402,144.48182678222656,55469600
2023-02-27 00:00:00-05:00,145.46665970602933,146.90447752822308,145.21059884097443,145.6734619140625,44998500
2023-02-28 00:00:00-05:00,144.8167162027043,146.81588485970732,144.600056198069,145.17124938964844,50547000
2023-03-01 00:00:00-05:00,144.600022862706,144.99394185647634,142.80765687884437,143.1031036376953,55479000
2023-03-02 00:00:00-05:00,142.1872231725768,144.481837933212,141.71450238763347,143.69398498535156,52238100
2023-03-03 00:00:00-05:00,145.79164167073546,148.81502337863614,145.09243318314816,148.73623657226562,70732300
2023-03-06 00:00:00-05:00,151.4542972077173,153.92618602775224,151.1293223291666,151.4936981201172,87558000
2023-03-07 00:00:00-05:00,151.3656586110283,151.69064849711955,148.83469862838186,149.2975616455078,56182000
2023-03-08 00:00:00-05:00,150.48917721139935,151.1391569879468,149.5240652876753,150.5482635498047,47204800
2023-03-09 00:00:00-05:00,151.22778082054958,152.19289270805663,147.9483539187185,148.30288696289062,53833600
2023-03-10 00:00:00-05:00,147.92869544727571,148.64760438030467,145.3681768808884,146.24465942382812,68572400
2023-03-13 00:00:00-04:00,145.56510332314932,150.81415467329558,145.4567733693173,148.18470764160156,84457100
2023-03-14 00:00:00-04:00,148.98242012042218,151.07021762009597,147.82034869008896,150.27252197265625,73695900
2023-03-15 00:00:00-04:00,148.8937927615987,150.92250395033966,147.64307677577528,150.6664581298828,77167900
2023-03-16 00:00:00-04:00,149.84907174243986,154.08376844517147,149.33696504123728,153.4830322265625,76161100
2023-03-17 00:00:00-04:00,153.70951897971963,154.35949876084172,151.93685367986137,152.6459197998047,98944600
2023-03-20 00:00:00-04:00,152.71486085947325,155.4230948668754,151.80882025865256,155.00946044921875,73641400
2023-03-21 00:00:00-04:00,154.93069227015488,156.9790888157361,154.1625247817563,156.8609161376953,73938300
2023-03-22 00:00:00-04:00,156.88062840402722,159.67749219321786,155.41325242402124,155.43295288085938,75701800
2023-03-23 00:00:00-04:00,156.41777837205046,159.09646969740976,155.28523492873595,156.51625061035156,67622100
2023-03-24 00:00:00-04:00,156.44730394409444,157.90482213956633,155.45264879499626,157.81619262695312,59196500
2023-03-27 00:00:00-04:00,157.51087533277843,158.32827131215595,155.47230674076903,155.87608337402344,52390300
2023-03-28 00:00:00-04:00,155.57080817581272,156.08291480553032,153.61102618902072,155.2556610107422,45992200
2023-03-29 00:00:00-04:00,156.94953135245441,158.60402382956926,156.92984592593675,158.32827758789062,51305700
2023-03-30 00:00:00-04:00,159.07673846378026,160.0024644815908,158.82069266127598,159.89413452148438,49501700
2023-03-31 00:00:00-04:00,159.9729235769942,162.4940408365555,159.45097422374334,162.3955535888672,68749800
2023-04-03 00:00:00-04:00,161.77514833228696,163.76445869825218,161.7259047034759,163.6462860107422,56976200
2023-04-04 00:00:00-04:00,164.06975594835677,164.30610131295074,162.60238002597387,163.11448669433594,46278300
2023-04-05 00:00:00-04:00,162.2379998945446,162.54328933366952,159.34264903941414,161.2728729248047,51511700
2023-04-06 00:00:00-04:00,159.96308282888376,162.45467221127325,159.53962067833683,162.1592254638672,45390100
2023-04-10 00:00:00-04:00,158.96843186504725,159.5691680908203,157.6487867222166,159.5691680908203,47716900
2023-04-11 00:00:00-04:00,159.88429605818737,159.8941387722609,158.0722298566841,158.3578338623047,47644200
2023-04-12 00:00:00-04:00,158.77145737665472,159.59869619161648,157.35332510698044,157.66847229003906,50133100
2023-04-13 00:00:00-04:00,159.1752417539843,163.28190788405584,158.96842452673738,163.04554748535156,68445600
2023-04-14 00:00:00-04:00,162.09027277975596,163.794009087704,161.33197803499354,162.70086669921875,49386500
2023-04-17 00:00:00-04:00,162.5826774005875,162.8781241294329,161.53877864877254,162.72055053710938,41516200
2023-04-18 00:00:00-04:00,163.5773508935462,164.8674527745674,163.13417327770642,163.9417266845703,49923000
2023-04-19 00:00:00-04:00,163.2819281451353,165.60608642613127,163.02586725800396,165.08413696289062,47720200
2023-04-20 00:00:00-04:00,163.56748026442403,165.3204450523275,163.04553091898333,164.1189727783203,52456400
2023-04-21 00:00:00-04:00,162.5432913390932,163.9220227028112,161.991798793606,162.5137481689453,58337300
2023-04-24 00:00:00-04:00,162.49405610505224,163.0849495926161,161.40091367199096,162.8190460205078,41949600
2023-04-25 00:00:00-04:00,162.68117729099055,163.78416246885476,161.24334444666383,161.28274536132812,48714100
2023-04-26 00:00:00-04:00,160.58350725145092,162.76979197769046,160.32746143764658,161.2728729248047,45498800
2023-04-27 00:00:00-04:00,162.6811372537476,165.9999497127407,162.6811372537476,165.85223388671875,64902300
2023-04-28 00:00:00-04:00,165.9310218332577,167.27036709773776,165.33028575815172,167.10293579101562,55275900
2023-05-01 00:00:00-04:00,166.70905380019818,167.86128258741087,166.07877442017465,167.01434326171875,52472900
2023-05-02 00:00:00-04:00,167.5067633643402,167.76282424517206,164.99548835131355,165.9803009033203,48425700
2023-05-03 00:00:00-04:00,166.92572910723644,168.32416114075937,164.6212713207429,164.9068603515625,65136000
2023-05-04 00:00:00-04:00,162.38570858289833,164.50304913491388,161.8145156138655,163.27203369140625,81235400
2023-05-05 00:00:00-04:00,168.3832383689214,171.65282310766082,168.1665784150509,170.9339141845703,113453200
2023-05-08 00:00:00-04:00,169.8604771504957,171.20968066353447,169.49610128833427,170.864990234375,55962800
2023-05-09 00:00:00-04:00,170.42179836441701,170.9043468501181,168.993823309898,169.16123962402344,45326900
2023-05-10 00:00:00-04:00,170.39224965147537,171.38690478906514,169.28924951921832,170.92404174804688,53724500
2023-05-11 00:00:00-04:00,171.2096322648924,171.9383837832071,169.55513971049686,171.11114501953125,49514700
2023-05-12 00:00:00-04:00,171.21964497087455,171.65356424240227,168.63587209674515,170.18417358398438,45533100
2023-05-15 00:00:00-04:00,170.76601261404946,170.815324358024,169.09937498339835,169.6910858154297,37266700
2023-05-16 00:00:00-04:00,169.61219003463674,170.74628490689332,169.42481443623242,169.6910858154297,42110300
2023-05-17 00:00:00-04:00,169.33607370599472,170.53919306240596,168.06389984598047,170.30252075195312,57951600
2023-05-18 00:00:00-04:00,170.60822168470452,172.8172584115987,170.1940301198803,172.6298828125,65496700
2023-05-19 00:00:00-04:00,173.95134816577144,173.95134816577144,172.5213979143073,172.7383575439453,55809500
2023-05-22 00:00:00-04:00,171.57466634347682,172.2945846931845,171.0519949677244,171.7916259765625,43570900
2023-05-23 00:00:00-04:00,170.73639628329747,170.98293990870613,168.91196743614205,169.18809509277344,50747300
2023-05-24 00:00:00-04:00,168.7246024757336,170.03621645106807,168.16249079935005,169.4642333984375,45143500
2023-05-25 00:00:00-04:00,170.02637505144457,171.49576564962197,169.31632809947834,170.59835815429688,56058300
2023-05-26 00:00:00-04:00,170.92380920574092,173.33993425328168,170.71670589408566,173.00462341308594,54835000
2023-05-30 00:00:00-04:00,174.51347436884586,176.51540772383512,174.1288668535482,174.84877014160156,55964400
2023-05-31 00:00:00-04:00,174.87834951174753,176.87042648421155,174.3162227478627,174.79945373535156,99625300
2023-06-01 00:00:00-04:00,175.24323239604442,177.62977324467488,174.4838737017158,177.60018920898438,68901800
2023-06-02 00:00:00-04:00,178.52719900186148,179.26683000310032,176.7816656255451,178.44830322265625,61996900
2023-06-05 00:00:00-04:00,180.10506441660397,182.39298156722955,175.57851175717974,177.09722900390625,121946500
2023-06-06 00:00:00-04:00,177.4818328127375,177.62975297431,174.97694105936182,176.7323455810547,64848400
2023-06-07 00:00:00-04:00,175.9730110061888,178.70471906299082,174.86850018805862,175.36158752441406,61944600
2023-06-08 00:00:00-04:00,175.44044804834044,178.3398036598064,175.00654388250445,178.07354736328125,50214900
2023-06-09 00:00:00-04:00,178.99068805786467,179.71059129506313,178.13272098000036,178.45816040039062,48900000
2023-06-12 00:00:00-04:00,178.76385922591572,181.34763164971682,178.46800386072707,181.24900817871094,54274900
2023-06-13 00:00:00-04:00,180.2727216495119,181.60404834381112,179.91769818813273,180.77566528320312,54929100
2023-06-14 00:00:00-04:00,180.8348467124019,181.84074910193183,179.50351991974284,181.40682983398438,57462900
2023-06-15 00:00:00-04:00,181.4166932611595,183.94129793003785,181.23917400121888,183.43833923339844,65433200
2023-06-16 00:00:00-04:00,184.14839232814637,184.4048073735327,181.7224110612984,182.36341857910156,101256200
2023-06-20 00:00:00-04:00,181.8604527350327,183.52709013546678,181.8604527350327,182.4521484375,49799100
2023-06-21 00:00:00-04:00,182.34369383727915,182.84665255889604,180.06563271508736,181.4167022705078,49515700
2023-06-22 00:00:00-04:00,181.19971869233248,184.46395407144706,181.1306792503188,184.41464233398438,51245300
2023-06-23 00:00:00-04:00,182.98470820219737,184.96691381940127,182.45216546765664,184.0990753173828,53117000
2023-06-26 00:00:00-04:00,184.2470177435845,185.45015206010262,182.66913223239737,182.70858764648438,48088700
2023-06-27 00:00:00-04:00,183.32000947784528,185.78544616190248,183.10304984582174,185.4600067138672,50730800
2023-06-28 00:00:00-04:00,185.33178721386028,187.27455239917202,185.00636283468697,186.633544921875,51216800
2023-06-29 00:00:00-04:00,186.46591313429835,187.44223149955704,186.3278492789131,186.96885681152344,46347300
2023-06-30 00:00:00-04:00,188.9806846223995,191.79127381657796,188.61578970830604,191.288330078125,85213200
2023-07-03 00:00:00-04:00,191.10093714903454,191.19956064074086,189.10885998965753,189.7991943359375,31458200
2023-07-05 00:00:00-04:00,188.92148652956726,190.31198136153697,187.98460856583768,188.68479919433594,46920300
2023-07-06 00:00:00-04:00,187.2153769807983,189.36524537083605,186.5842258571581,189.15814208984375,45094300
2023-07-07 00:00:00-04:00,188.7636804868427,190.0062550438309,187.60985803081866,188.04376220703125,46815000
2023-07-10 00:00:00-04:00,186.6433878022031,187.36330604998784,184.45407912216882,186.00238037109375,59922200
2023-07-11 00:00:00-04:00,186.5447914459214,186.68285528837708,184.02018687082855,185.47972106933594,46638100
2023-07-12 00:00:00-04:00,187.05759515232103,189.04967210294507,185.86433228601203,187.1463623046875,60750200
2023-07-13 00:00:00-04:00,187.86627557643092,188.54673850979384,187.15622860664624,187.9057159423828,41342300
2023-07-14 00:00:00-04:00,187.6000029338883,188.53686585918993,187.00830716161786,188.05364990234375,41616200
2023-07-17 00:00:00-04:00,189.24689758888442,191.63345333608896,189.15814548736353,191.30801391601562,50520200
2023-07-18 00:00:00-04:00,190.6768691009351,191.64331601668746,189.75971887799713,191.05160522460938,48288200
2023-07-19 00:00:00-04:00,190.4303150490968,195.48938034906212,189.9865244553515,192.4026641845703,80507300
2023-07-20 00:00:00-04:00,192.39280905028917,193.7537348839622,189.8386203157028,190.4599151611328,59581200
2023-07-21 00:00:00-04:00,191.41651794617295,192.2744851317762,188.58618628535973,189.286376953125,71951700
2023-07-24 00:00:00-04:00,190.73602285584008,192.21528467718613,189.59205676918674,190.08514404296875,45377800
2023-07-25 00:00:00-04:00,190.65714646634552,191.75180092732498,190.25281124926505,190.94313049316406,37283200
2023-07-26 00:00:00-04:00,190.99241694846552,192.93518195125802,190.64726489612826,191.81094360351562,47471900
2023-07-27 00:00:00-04:00,193.30998316918408,194.47366217807738,189.8879555038913,190.54869079589844,47460200
2023-07-28 00:00:00-04:00,191.97860770429688,193.91151654263126,191.4559363697747,193.12257385253906,48291400
2023-07-31 00:00:00-04:00,193.34941650238693,193.7734794641123,192.5604737033273,193.73402404785156,38824100
2023-08-01 00:00:00-04:00,193.52693454400202,194.01015053136803,192.58020018161,192.9056396484375,35175100
2023-08-02 00:00:00-04:00,192.34346122833557,192.48152505166297,189.19757732195913,189.91748046875,50389300
2023-08-03 00:00:00-04:00,188.92148694956984,189.71041463976601,188.0536484329567,188.52700805664062,61235200
2023-08-04 00:00:00-04:00,182.95510234495143,184.78938756590674,179.4048680308995,179.47390747070312,115956800
2023-08-07 00:00:00-04:00,179.6119861039443,180.59816071157974,174.89807268327345,176.37733459472656,97576100
2023-08-08 00:00:00-04:00,177.205713919119,177.77769698523286,175.12488493894773,177.31419372558594,67823000
2023-08-09 00:00:00-04:00,178.36941190145535,178.42857997538025,174.5627769846933,175.72647094726562,60378500
2023-08-10 00:00:00-04:00,176.99860916334498,178.25105509162734,175.14461118800062,175.50949096679688,54686900
2023-08-11 00:00:00-04:00,175.10464195853916,176.38838822312198,174.34425781198718,175.56875610351562,52036700
2023-08-14 00:00:00-04:00,175.74649049543365,177.44500246999712,175.09473274674426,177.21788024902344,43675600
2023-08-15 00:00:00-04:00,176.6451282666605,177.23762299403361,174.8379899652799,175.2329864501953,43622600
2023-08-16 00:00:00-04:00,174.91701484938284,176.30938743269644,174.29488099061055,174.364013671875,46964900
2023-08-17 00:00:00-04:00,174.92688028330798,175.29225282363015,171.31260330101006,171.82611083984375,66062900
2023-08-18 00:00:00-04:00,170.14737119397137,172.91239237884375,169.8116226038202,172.3100128173828,61172200
2023-08-21 00:00:00-04:00,172.88274314562352,173.92949746098708,171.56935789788312,173.6431121826172,46311900
2023-08-22 00:00:00-04:00,174.84784230984178,175.46009132134986,174.04796471270419,175.01571655273438,42038900
2023-08-23 00:00:00-04:00,176.28960964053493,179.28175219727777,176.1019810531239,178.85711669921875,52722800
2023-08-24 00:00:00-04:00,178.4127876208845,178.8374232276998,173.8110039705464,174.1763916015625,54945800
2023-08-25 00:00:00-04:00,175.16388093182096,176.91175631972774,173.62337343895007,176.37850952148438,51449600
2023-08-28 00:00:00-04:00,177.83999456976295,178.33374768816518,176.31924159506977,177.93875122070312,43820700
2023-08-29 00:00:00-04:00,177.45489519701718,182.5899254092932,177.25739693272806,181.81967163085938,53003900
2023-08-30 00:00:00-04:00,182.6294686435653,185.50311639714008,182.43197034192352,185.30560302734375,60813900
2023-08-31 00:00:00-04:00,185.4931879048022,186.75719481874472,185.13768501849643,185.52281188964844,60794500
2023-09-01 00:00:00-04:00,187.12259578872172,187.54721631397274,185.92770639795236,187.0929718017578,45766500
2023-09-05 00:00:00-04:00,185.92768366781115,187.6064413525269,185.26605625958229,187.32994079589844,45280000
2023-09-06 00:00:00-04:00,186.0461707664675,186.49056063180015,179.2027597126584,180.62477111816406,81755800
2023-09-07 00:00:00-04:00,172.99135904079122,175.98351721110967,171.3718491931888,175.3416290283203,112488800
2023-09-08 00:00:00-04:00,176.12176201867752,177.98814840122637,175.56874581023814,175.95387268066406,65551300
2023-09-11 00:00:00-04:00,177.82027676778657,178.0473990105972,175.12437356668377,177.119140625,58953100
2023-09-12 00:00:00-04:00,177.24751388848827,177.87951732730735,172.6358612060169,174.0973663330078,90370200
2023-09-13 00:00:00-04:00,174.30476112108144,175.0848996684252,171.80637096422893,172.03350830078125,84267900
2023-09-14 00:00:00-04:00,171.82610607332606,173.89987544974738,171.41135521167203,173.54437255859375,60895800
2023-09-15 00:00:00-04:00,174.27510652680778,174.29486087176767,171.6483512368518,172.82347106933594,109259500
2023-09-18 00:00:00-04:00,174.2751007250675,177.13887792290447,173.9689761950564,175.74649047851562,67257600
2023-09-19 00:00:00-04:00,175.30212586469654,177.38576479928514,174.91699900323943,176.832763671875,51826900
2023-09-20 00:00:00-04:00,177.0203732393163,177.45487842056565,173.20859833310675,173.2974853515625,58436200
2023-09-21 00:00:00-04:00,172.36925276684747,174.0973890433764,171.68787090976878,171.75698852539062,63149100
2023-09-22 00:00:00-04:00,172.4877052502978,174.86759879629756,171.87545623128412,172.606201171875,56725400
2023-09-25 00:00:00-04:00,172.02357992644104,174.75897636563758,171.97420160197885,173.88009643554688,46172700
2023-09-26 00:00:00-04:00,172.63586851438868,173.01111068359924,169.51534481079926,169.8115997314453,64588900
2023-09-27 00:00:00-04:00,170.4633463371719,170.87809720821267,166.93795639924983,168.3007049560547,66921800
2023-09-28 00:00:00-04:00,167.2243249736919,169.8807195182162,165.5258128129139,168.55746459960938,56294400
2023-09-29 00:00:00-04:00,169.87084635964763,170.90773103963988,168.21182785802986,169.0709686279297,51861100
2023-10-02 00:00:00-04:00,169.0808338409062,172.12235512412923,168.79444856905252,171.5792236328125,52164500
2023-10-03 00:00:00-04:00,170.1078434596355,171.46073744550782,168.6858469308082,170.24609375,49594600
2023-10-04 00:00:00-04:00,168.9524578917983,172.03348795172127,168.8339619515459,171.4903564453125,53020300
2023-10-05 00:00:00-04:00,171.61874445939648,173.25800883188634,170.52261166431626,172.72476196289062,48527900
2023-10-06 00:00:00-04:00,171.62862082907643,175.76627518846593,171.01635659512883,175.27252197265625,57266700
2023-10-09 00:00:00-04:00,174.6010122921434,176.81303215553828,173.6036362062995,176.7537841796875,42390800
2023-10-10 00:00:00-04:00,175.87489990900735,177.47465549196244,175.72676490471198,176.16127014160156,43698000
2023-10-11 00:00:00-04:00,175.9736336691769,177.60302823490863,175.38113888285298,177.55364990234375,47551100
2023-10-12 00:00:00-04:00,177.82026707710477,180.06189553412176,176.80312172309905,178.4522705078125,56743100
2023-10-13 00:00:00-04:00,179.15340788479125,179.65703072033497,175.91438812346496,176.6155242919922,51427100
2023-10-16 00:00:00-04:00,174.54174811745375,176.84263973108403,174.3047411678942,176.4871368408203,52517000
2023-10-17 00:00:00-04:00,174.44298390478113,176.19087429527403,172.61610626933813,174.93673706054688,57549400
2023-10-18 00:00:00-04:00,173.3863659573123,175.36137864838344,172.9222367694585,173.6431121826172,54764400
2023-10-19 00:00:00-04:00,173.84060845589931,175.61812287122567,173.00123711265553,173.2678680419922,59302900
2023-10-20 00:00:00-04:00,173.11975677949712,173.22838309388226,170.48311631376995,170.72012329101562,64244000
2023-10-23 00:00:00-04:00,168.77472302133776,171.8359838309846,167.80695589693704,170.83860778808594,55980100
2023-10-24 00:00:00-04:00,170.8879597127696,171.50020876645127,169.3079436842464,171.27308654785156,43816600
2023-10-25 00:00:00-04:00,169.73259505065448,170.89784530264086,168.51795139973865,168.96234130859375,57157000
2023-10-26 00:00:00-04:00,168.24146504420852,169.23885617849143,163.6001878537521,164.80494689941406,70625300
2023-10-27 00:00:00-04:00,164.82467062426355,166.8490614359056,164.745668316651,166.11830139160156,58499100
2023-10-30 00:00:00-04:00,166.90832288755587,169.03145545417337,166.7601878982554,168.16244506835938,51131000
2023-10-31 00:00:00-04:00,167.23420217717043,168.76482492650203,165.80230595130433,168.63645935058594,44846000
2023-11-01 00:00:00-04:00,168.86356825336904,172.0532092124064,167.99455793411695,171.7964630126953,56934900
2023-11-02 00:00:00-04:00,173.32711052996643,175.5588693503195,173.26786256268767,175.35150146484375,77334800
2023-11-03 00:00:00-04:00,172.06309922812656,174.61086723243213,171.1842192438163,174.44297790527344,79829200
2023-11-06 00:00:00-05:00,174.17636920813592,177.18825142381783,174.00849494223715,176.99075317382812,63841300
2023-11-07 00:00:00-05:00,176.94139988237026,180.1606805785339,176.7340319643902,179.54843139648438,70530000
2023-11-08 00:00:00-05:00,180.07177947416378,181.15802736111343,179.32126504404005,180.6050262451172,49340300
2023-11-09 00:00:00-05:00,180.67417400336535,181.81966995293175,179.53853262491765,180.13104248046875,53763500
2023-11-10 00:00:00-05:00,181.9108804268445,184.48178544542026,181.475802800193,184.3136749267578,66133400
2023-11-13 00:00:00-05:00,183.7401702602705,183.9478113332898,182.14818998578377,182.73158264160156,43627500
2023-11-14 00:00:00-05:00,185.59914075952597,186.0045554032819,184.21481647353394,185.34205627441406,60108400
2023-11-15 00:00:00-05:00,185.74744196041772,187.3789678351275,185.67821821290843,185.9056396484375,53790500
2023-11-16 00:00:00-05:00,187.44820698590362,188.82264852852316,186.5384909930313,187.58663940429688,54412900
2023-11-17 00:00:00-05:00,188.1206090057824,188.24915879673333,186.45941980581802,187.56687927246094,50922700
2023-11-20 00:00:00-05:00,187.7646375447921,189.76203272766995,187.75475490242272,189.3071746826172,46505100
2023-11-21 00:00:00-05:00,189.26759612132614,189.37636552049437,187.61628985249988,188.50621032714844,38134500
2023-11-22 00:00:00-05:00,189.34672485819107,190.77059476808083,188.69410838615653,189.16873168945312,39617700
2023-11-24 00:00:00-05:00,188.7336553269539,188.76331834061182,187.13179223741543,187.84373474121094,24048300
2023-11-27 00:00:00-05:00,187.79427548166112,188.53588093642713,186.78568783853885,187.6657257080078,40552600
2023-11-28 00:00:00-05:00,187.6558347269926,188.9412871423915,187.28008315178343,188.26889038085938,38415400
2023-11-29 00:00:00-05:00,188.7633011569372,189.9399842182602,186.85491037465812,187.25042724609375,43014200
2023-11-30 00:00:00-05:00,187.7151899349547,188.18982834207452,186.08366378848976,187.82395935058594,48794400
2023-12-01 00:00:00-05:00,188.19969953750024,189.4159283197641,187.11200544734405,189.09951782226562,45704800
2023-12-04 00:00:00-05:00,187.85360043262926,187.92282418358675,185.35191925319242,187.30975341796875,43389500
2023-12-05 00:00:00-05:00,188.08104861869373,192.22413865175915,188.05137051787239,191.25511169433594,66628400
2023-12-06 00:00:00-05:00,192.27356863697858,192.58009647341478,189.95976327032974,190.16741943359375,41089700
2023-12-07 00:00:00-05:00,191.4627754603769,192.817436726138,191.42321471638212,192.09561157226562,47477700
2023-12-08 00:00:00-05:00,192.0264222008858,193.79639615552998,191.50235540913226,193.51953125,53406400
2023-12-11 00:00:00-05:00,190.9485830810774,191.3243346926335,189.27749628821252,191.01779174804688,60943700
2023-12-12 00:00:00-05:00,190.9189094878757,192.54055280703432,189.57413099725628,192.53067016601562,52696900
2023-12-13 00:00:00-05:00,192.90642113434447,195.78385412672148,192.66911702808835,195.7443084716797,70404200
2023-12-14 00:00:00-05:00,195.8036348613561,197.3857175620074,193.964452594447,195.8926239013672,66831600
2023-12-15 00:00:00-05:00,195.31908184148628,196.1793392633754,194.79501524102506,195.358642578125,128538400
2023-12-18 00:00:00-05:00,193.89523770867535,194.42920214917604,192.21426816132805,193.69747924804688,55751900
2023-12-19 00:00:00-05:00,193.96444926391277,194.7456004150459,193.69746706046115,194.7357177734375,40714100
2023-12-20 00:00:00-05:00,194.69616113684165,195.46742966263125,192.6493377685547,192.6493377685547,52242800
2023-12-21 00:00:00-05:00,193.9050960501454,194.8741228719849,191.33419132020353,192.5009765625,46482500
2023-12-22 00:00:00-05:00,192.9954077755279,193.2228443252002,190.81015202156473,191.43310546875,37149600
2023-12-26 00:00:00-05:00,191.4429660781885,191.71983089218512,190.67169765519787,190.8892364501953,28919300
2023-12-27 00:00:00-05:00,190.33552729492325,191.33421726083122,188.95118798803827,190.98812866210938,48087700
2023-12-28 00:00:00-05:00,191.96705978425237,192.4812438348005,191.00791544042355,191.413330078125,34049900
2023-12-29 00:00:00-05:00,191.72972215657148,192.2241257878035,189.58401220758475,190.37506103515625,42672100
2024-01-02 00:00:00-05:00,185.05528848269014,186.33085840634024,181.83178197139316,183.56219482421875,82488700
2024-01-03 00:00:00-05:00,182.15808112880916,183.79950485996184,181.37691491631995,182.187744140625,58414500
2024-01-04 00:00:00-05:00,180.11122069139344,181.04070184894312,178.85544644389557,179.87391662597656,71983600
2024-01-05 00:00:00-05:00,179.95306152436652,180.71443234786256,178.1534248404595,179.15211486816406,62379700
2024-01-08 00:00:00-05:00,180.0519155054874,183.52263874374273,179.46852282651062,183.4830780029297,59144500
2024-01-09 00:00:00-05:00,181.8614486084712,183.07767744176536,180.68476543102267,183.0677947998047,42841800
2024-01-10 00:00:00-05:00,182.28664662503843,184.31368968460146,181.86145160567418,184.10604858398438,46792900
2024-01-11 00:00:00-05:00,184.45212033242825,184.9564217479187,181.56480461990643,183.51275634765625,49128400
2024-01-12 00:00:00-05:00,183.97748271061099,184.64987951630312,183.11722519297732,183.83905029296875,40477800
2024-01-16 00:00:00-05:00,180.12114381484557,182.1976301200088,178.90489995610474,181.57469177246094,65603000
2024-01-17 00:00:00-05:00,179.24109293861534,180.88250149305736,178.2819487070673,180.6352996826172,47317400
2024-01-18 00:00:00-05:00,184.00712853391946,187.0229935165519,183.75004409317066,186.51870727539062,78005800
2024-01-19 00:00:00-05:00,187.21090309791916,189.80157360580037,186.70661676571424,189.4159393310547,68903000
2024-01-22 00:00:00-05:00,190.14763349819026,193.14371820043874,190.1080727596782,191.71983337402344,60133900
2024-01-23 00:00:00-05:00,192.83722464512005,193.55904982724218,191.66054141727486,192.99542236328125,42355600
2024-01-24 00:00:00-05:00,193.23271418014866,194.18197579456825,192.16480052192722,192.32301330566406,53631300
2024-01-25 00:00:00-05:00,193.0349547434494,194.07320538533628,190.9485708187439,191.9967041015625,54822100
2024-01-26 00:00:00-05:00,192.09559590318426,192.58010181757646,189.7916731135176,190.26629638671875,44594000
2024-01-29 00:00:00-05:00,189.86089500402176,190.04877081575225,187.45810037105477,189.5840301513672,47145600
2024-01-30 00:00:00-05:00,188.80286821503816,189.65324309628332,185.37170567810733,185.93531799316406,55859400
2024-01-31 00:00:00-05:00,184.94651023142666,185.00585134318092,182.28663127585358,182.3360595703125,55467800
2024-02-01 00:00:00-05:00,181.93063715338442,184.85749793556394,181.76254174457006,184.7685089111328,64885400
2024-02-02 00:00:00-05:00,177.84689023760967,185.23328233515724,177.2437171517322,183.7698516845703,102551700
2024-02-05 00:00:00-05:00,186.0440863383638,187.1317803970082,183.75994390321247,185.579345703125,69668800
2024-02-06 00:00:00-05:00,184.7685664877541,187.19114179840088,184.67957743559268,187.18125915527344,43490800
2024-02-07 00:00:00-05:00,188.50622203381667,188.91163664571195,186.49894443287428,187.2899932861328,53439000
2024-02-08 00:00:00-05:00,187.27021997882892,187.418535043408,185.2530596605407,186.2122039794922,40962000
2024-02-09 00:00:00-05:00,186.77652244170517,188.10322646586073,186.13298359451971,186.97454833984375,45155200
2024-02-12 00:00:00-05:00,186.54880424779185,186.796321504533,184.9349868995182,185.29141235351562,41781900
2024-02-13 00:00:00-05:00,183.92513863049606,184.36077144619387,181.68757282391297,183.20237731933594,56529500
2024-02-14 00:00:00-05:00,183.47959151637605,183.68749754312392,180.6281880058035,182.32119750976562,54630500
2024-02-15 00:00:00-05:00,181.72719962604296,182.65786706531418,179.5490504680876,182.03411865234375,65434500
2024-02-16 00:00:00-05:00,181.59845842120637,183.0142649801448,179.86583763061847,180.49948120117188,49752500
2024-02-20 00:00:00-05:00,179.98463913307552,180.61828269677792,178.21242224791314,179.75692749023438,53665600
2024-02-21 00:00:00-05:00,180.13315310757224,181.0737156195715,178.8658660184515,180.50938415527344,41371400
2024-02-22 00:00:00-05:00,181.65785591778803,183.12316891523534,180.6479964148563,182.5390167236328,52292200
2024-02-23 00:00:00-05:00,183.17267506039363,183.20237592421455,180.42028422645075,180.70741271972656,45119700
2024-02-26 00:00:00-05:00,180.43017719516277,180.94500218994074,178.8559560281093,179.36090087890625,40867400
2024-02-27 00:00:00-05:00,179.30151026553332,182.09349711935678,177.77679547469845,180.81631469726562,54318900
2024-02-28 00:00:00-05:00,180.69748823755316,181.30143093346823,178.34113428414614,179.61831665039062,48953900
2024-02-29 00:00:00-05:00,179.46984202762675,180.75693496542868,177.74711623943745,178.9550018310547,136682600
2024-03-01 00:00:00-05:00,177.76688526684862,178.73714862022334,175.6184374307493,177.87579345703125,73563100
2024-03-04 00:00:00-05:00,174.40064432483445,175.14319605787904,172.06408093389737,173.361083984375,81510100
2024-03-05 00:00:00-05:00,169.06420089624305,170.33148818677603,167.93552268101038,168.43055725097656,95132400
2024-03-06 00:00:00-05:00,169.36121186741923,169.53943215491887,167.00484265804033,167.4404754638672,68587700
2024-03-07 00:00:00-05:00,167.47019012011697,169.03450118476172,166.81675596481475,167.32168579101562,71765100
2024-03-08 00:00:00-05:00,167.32166963491963,171.9749911536114,167.26226790901475,169.03448486328125,76267000
2024-03-11 00:00:00-04:00,171.22253935977105,172.64824117092596,170.34137853305091,171.034423828125,60139500
2024-03-12 00:00:00-04:00,171.43045147590772,172.3017170819102,169.31170429451927,171.50965881347656,59825400
2024-03-13 00:00:00-04:00,171.05423942259554,171.4700666239107,169.06419090034882,169.43052673339844,52488700
2024-03-14 00:00:00-04:00,171.19286456313577,172.57895536432744,170.34140446890183,171.28196716308594,72913500
2024-03-15 00:00:00-04:00,169.47010369924573,170.90570068359375,168.5988381717502,170.90570068359375,121752700
2024-03-18 00:00:00-04:00,173.82644596151624,175.94519331439105,171.79680120539754,171.99481201171875,75604200
2024-03-19 00:00:00-04:00,172.60860406436672,174.85606464094167,171.3116162551072,174.33132934570312,55215200
2024-03-20 00:00:00-04:00,173.97494430389506,176.89564514160156,173.35119593354977,176.89564514160156,53423100
2024-03-21 00:00:00-04:00,175.29170540355622,175.7273381457555,169.1433707597941,169.66810607910156,106181300
2024-03-22 00:00:00-04:00,170.05426688241553,171.33146450930536,168.37115239719608,170.56910705566406,71160100
2024-03-25 00:00:00-04:00,168.87608692531137,170.2324767040703,167.76719930445816,169.15330505371094,54288300
2024-03-26 00:00:00-04:00,168.3117563520967,169.71765273934344,167.89592911986227,168.02464294433594,57388400
2024-03-27 00:00:00-04:00,168.7176579392829,171.87598039200594,168.42063422483255,171.58885192871094,60273300
2024-03-28 00:00:00-04:00,170.0443614510728,170.51959037094832,168.81667037520143,169.77703857421875,65672700
2024-04-01 00:00:00-04:00,169.48989896556722,169.54930068295263,167.79687448381927,168.34141540527344,46240500
2024-04-02 00:00:00-04:00,167.40087579338118,167.65828830624176,166.55931106297376,167.1632537841797,49329500
2024-04-03 00:00:00-04:00,167.11373478373662,168.98496453257434,166.90582876011774,167.96519470214844,47691700
2024-04-04 00:00:00-04:00,168.59885072968464,170.21266810452119,167.14346313476562,167.14346313476562,53704400
2024-04-05 00:00:00-04:00,167.90578453281648,168.6978426903414,167.27214102824712,167.89588928222656,42104800
2024-04-08 00:00:00-04:00,167.3513719945941,167.51968192191484,166.5692240844266,166.77713012695312,37425500
2024-04-09 00:00:00-04:00,167.02464767080627,168.39094781013864,166.67813256359855,167.98501586914062,42373800
2024-04-10 00:00:00-04:00,167.12365945587084,167.4107728345435,165.45044033625643,166.11378479003906,49709300
2024-04-11 00:00:00-04:00,166.66823651643443,173.7175391133101,166.49003132152566,173.30169677734375,91070300
2024-04-12 00:00:00-04:00,172.5294102738014,176.58869902312352,172.47991891196477,174.7966766357422,101670900
2024-04-15 00:00:00-04:00,173.61851932570818,174.8759113224836,170.7869210734751,170.97503662109375,73531800
2024-04-16 00:00:00-04:00,170.0443499195711,172.03438316124112,166.59891404642835,167.69789123535156,73711200
2024-04-17 00:00:00-04:00,167.9256004082147,168.9552655008738,166.3315887451172,166.3315887451172,50901200
2024-04-18 00:00:00-04:00,166.36129252101995,166.96523521407434,164.8959946340493,165.38111877441406,43122900
2024-04-19 00:00:00-04:00,164.55936395716853,164.74746436429578,162.45051229612085,163.3613739013672,68149400
2024-04-22 00:00:00-04:00,163.8762247169617,165.59893510418706,163.13367296874276,164.1930389404297,48116400
2024-04-23 00:00:00-04:00,163.7079130900853,165.391027347015,163.28217556978177,165.2425079345703,49537800
2024-04-24 00:00:00-04:00,164.8861093338651,167.6187098522012,164.5593998092657,167.34149169921875,48251800
2024-04-25 00:00:00-04:00,167.84640961058278,168.9156860278579,166.4801094484109,168.2028350830078,50558300
2024-04-26 00:00:00-04:00,168.19292468782604,169.63841695172266,167.49986430971396,167.61868286132812,44838400
2024-04-29 00:00:00-04:00,171.64826373021612,174.28185098854456,171.38095596804143,171.7769775390625,68169400
2024-04-30 00:00:00-04:00,171.60868084411632,173.2521991943247,168.31174889120035,168.6384735107422,65934800
2024-05-01 00:00:00-04:00,167.8959009696714,170.9948217396029,167.43056733625505,167.61868286132812,50383100
2024-05-02 00:00:00-04:00,170.79680537480178,171.69777183075684,169.19289835753364,171.3116455078125,94214900
2024-05-03 00:00:00-04:00,184.796367814728,185.14289799826793,180.84600228009177,181.55885314941406,163224100
2024-05-06 00:00:00-04:00,180.5390848280799,182.37070337959045,178.62824383792136,179.9054412841797,78569700
2024-05-07 00:00:00-04:00,181.6281680754234,183.06376520709566,179.51933122687228,180.58859252929688,77305800
2024-05-08 00:00:00-04:00,181.03414013837894,181.25195654794928,179.6480343404535,180.92523193359375,45057100
2024-05-09 00:00:00-04:00,180.74699689996783,182.82614787366472,180.3014688648197,182.73704528808594,48983000
2024-05-10 00:00:00-04:00,183.3120539854214,183.50042466657956,180.56585391849484,181.4779510498047,50759500
2024-05-13 00:00:00-04:00,183.84743912898392,185.49318663872077,183.0344740478803,184.6802215576172,72044800
2024-05-14 00:00:00-04:00,185.89964252722956,186.68286641073877,184.69011878206607,185.82032775878906,52393600
2024-05-15 00:00:00-04:00,186.29621459797372,189.0126735344407,185.76084369802737,188.09066772460938,70400000
2024-05-16 00:00:00-04:00,188.83421956137332,189.45881387860598,188.03117836935675,188.20962524414062,52845200
2024-05-17 00:00:00-04:00,187.88245575005936,189.17129419091543,187.55528802161362,188.23936462402344,41282900
2024-05-20 00:00:00-04:00,187.70403175639103,190.2717851507536,187.38677266186554,189.3993377685547,44361300
2024-05-21 00:00:00-04:00,189.44890089382775,191.07481584379752,189.28036268210627,190.69808959960938,42309400
2024-05-22 00:00:00-04:00,190.6187885434668,191.16406816634918,188.63596455316463,189.2605438232422,34648500
2024-05-23 00:00:00-04:00,189.3398501117122,189.35968258649532,185.02721720275102,185.2750701904297,51005900
2024-05-24 00:00:00-04:00,187.19839293954828,188.94327235106317,186.4250777783575,188.34841918945312,36327000
2024-05-28 00:00:00-04:00,189.86528785982966,191.34249703943843,187.47599667367734,188.3583526611328,52280100
2024-05-29 00:00:00-04:00,187.98160889548626,190.5989356775744,187.88246165547932,188.65576171875,53068000
2024-05-30 00:00:00-04:00,189.12173915319045,190.52954231443272,188.99286588586446,189.64718627929688,49889100
2024-05-31 00:00:00-04:00,189.79589676882185,190.9161970579539,188.2790377703441,190.59893798828125,75158300
2024-06-03 00:00:00-04:00,191.24334718637152,193.31540952983562,190.86662095571478,192.3636474609375,50080500
2024-06-04 00:00:00-04:00,192.96841099700254,193.64257895328527,191.37223723797064,192.680908203125,47471400
2024-06-05 00:00:00-04:00,193.72188613227584,195.20900403542353,193.19643901671662,194.18785095214844,54156800
2024-06-06 00:00:00-04:00,194.0094143560484,194.8124556459051,192.5024638984892,192.80979919433594,41181800
2024-06-07 00:00:00-04:00,192.978343568532,195.2486855650071,192.47272888451312,195.19911193847656,53103900
2024-06-10 00:00:00-04:00,195.20900753042525,195.60558138834554,190.49980075281104,191.4614715576172,97010200
2024-06-11 00:00:00-04:00,191.98691085726122,205.38089548057218,191.96709351098235,205.3709716796875,172373300
2024-06-12 00:00:00-04:00,205.58908283581826,218.30889945026047,205.1231180281253,211.24014282226562,198134300
2024-06-13 00:00:00-04:00,212.8957913864929,214.88852380834695,209.782758705521,212.40008544921875,97862700
2024-06-14 00:00:00-04:00,212.01345147179217,213.32210737882852,209.4853479747781,210.66513061523438,70122700
2024-06-17 00:00:00-04:00,211.53757201804441,217.06965275202606,210.89316027395952,214.80923461914062,93728300
2024-06-18 00:00:00-04:00,215.7213082393038,216.7523850703462,211.17073132176122,212.44964599609375,79943300
2024-06-20 00:00:00-04:00,212.0927425591543,212.4000929584359,207.05638337080816,207.87924194335938,86172500
2024-06-21 00:00:00-04:00,208.58317289420788,210.07029091430852,205.33134270047418,205.7080841064453,241805100
2024-06-24 00:00:00-04:00,205.93610206103614,210.87332959032133,204.8158016590104,206.3524932861328,80727000
2024-06-25 00:00:00-04:00,207.35382052419757,209.56468024841507,206.8184646829133,207.27452087402344,55549700
2024-06-26 00:00:00-04:00,209.68362348048936,213.01476817493463,208.8310086144187,211.41859436035156,66213200
2024-06-27 00:00:00-04:00,212.84620558696906,213.88719102122272,210.52630556394234,212.2612762451172,49772700
2024-06-28 00:00:00-04:00,213.91695291908772,214.21437951883613,208.4939285392998,208.81117248535156,82542700
2024-07-01 00:00:00-04:00,210.26855134899324,215.64200216221636,210.10001313722785,214.88853454589844,60402900
2024-07-02 00:00:00-04:00,214.29369867156123,218.48738234159504,213.2527281692765,218.37832641601562,58046200
2024-07-03 00:00:00-04:00,218.11061688690268,219.64730834960938,217.14894613859082,219.64730834960938,37369800
2024-07-05 00:00:00-04:00,219.74645469045154,224.50523511983306,219.74645469045154,224.39617919921875,60412400
2024-07-08 00:00:00-04:00,225.13972278278513,225.89320550199054,221.3327047505454,225.86346435546875,59085900
2024-07-09 00:00:00-04:00,225.97253595078877,227.42991284004066,224.4259356098064,226.71609497070312,48076100
2024-07-10 00:00:00-04:00,227.3307526887298,231.07828847688273,227.28117906796422,230.97914123535156,62627700
2024-07-11 00:00:00-04:00,229.40280147827102,230.39421338925845,223.83107137940016,225.61561584472656,64710600
2024-07-12 00:00:00-04:00,226.9540066999144,230.64206011910093,226.71606240173486,228.56008911132812,53046500
2024-07-15 00:00:00-04:00,234.44910163171727,235.1926606193721,231.0882156126273,232.386962890625,62631300
2024-07-16 00:00:00-04:00,232.98180687397965,234.24090427881208,230.33473879844306,232.80335998535156,43234300
2024-07-17 00:00:00-04:00,227.47946461019197,229.47221227385296,224.69359950369105,226.91436767578125,57345900
2024-07-18 00:00:00-04:00,228.3023336745397,228.46096321097224,220.36112971273346,222.2547149658203,66034600
2024-07-19 00:00:00-04:00,222.88925101284036,224.85224251867803,221.36246807560826,222.3836212158203,49151500
2024-07-22 00:00:00-04:00,225.06043082550624,225.82382229500527,221.17409763275575,222.03663635253906,48201800
2024-07-23 00:00:00-04:00,222.4431183487035,224.99105459605977,220.7676295522315,223.07762145996094,39960300
2024-07-24 00:00:00-04:00,222.07629380801336,222.86942645430565,215.2652980307627,216.66317749023438,61777600
2024-07-25 00:00:00-04:00,217.0497975364767,218.95332167523742,212.77681471652627,215.62217712402344,51391200
2024-07-26 00:00:00-04:00,216.8217851678197,217.6050090608147,214.15488466672127,216.08815002441406,41601300
2024-07-29 00:00:00-04:00,215.09676223529075,217.41666277155184,213.89714701413598,216.3657684326172,36311800
2024-07-30 00:00:00-04:00,217.3075942808937,218.43780333279796,214.26395224147618,216.9209442138672,41643800
2024-07-31 00:00:00-04:00,219.53825698895486,221.89782218872546,218.7352157578384,220.17276000976562,50036300
2024-08-01 00:00:00-04:00,222.44309097566543,222.55214689360594,215.15622233135366,216.48471069335938,62501000
2024-08-02 00:00:00-04:00,217.26790792406092,223.6625266661827,215.8402875210575,217.97181701660156,105568600
2024-08-05 00:00:00-04:00,197.38018251460616,211.6664309709882,194.3167235143498,207.47276306152344,119548600
2024-08-06 00:00:00-04:00,203.53686913101606,208.18659343179937,199.34320096724198,205.45028686523438,69660500
2024-08-07 00:00:00-04:00,205.12311510057037,211.80523672133984,204.61750047992084,208.01805114746094,63516400
2024-08-08 00:00:00-04:00,211.27979376271134,212.36042911915672,207.03655197769595,211.4780731201172,47161100
2024-08-09 00:00:00-04:00,210.2784745623819,214.91827509282652,210.1495861717322,214.38291931152344,42201600
2024-08-12 00:00:00-04:00,214.4623401059105,217.8767320905019,213.9958359256548,215.91146850585938,38028100
2024-08-13 00:00:00-04:00,217.380462936734,220.2390393048837,217.380462936734,219.6236572265625,44155300
2024-08-14 00:00:00-04:00,218.92885985517657,221.37054778476931,218.06532277692483,220.07029724121094,41960600
2024-08-15 00:00:00-04:00,222.9288560878089,223.67327566716008,221.1025352094067,223.04795837402344,46414000
2024-08-16 00:00:00-04:00,222.25391598005478,225.14226768918678,221.98592068094572,224.36807250976562,44340200
2024-08-19 00:00:00-04:00,224.04051049270504,224.30850577318623,221.3804434072076,224.20924377441406,40687800
2024-08-20 00:00:00-04:00,224.0901616619868,225.47973889834265,223.7725353535306,224.82464599609375,30299000
2024-08-21 00:00:00-04:00,224.83457153469638,226.2836998547364,223.37550792716294,224.7154541015625,34765500
2024-08-22 00:00:00-04:00,226.09512887719345,226.64103964823346,222.23407290784718,222.85939025878906,43695300
2024-08-23 00:00:00-04:00,223.9809934126029,226.5219434569281,222.66088738350675,225.15220642089844,38677300
2024-08-26 00:00:00-04:00,225.07276614784877,225.58890128123517,222.22412549030662,225.48963928222656,30602200
2024-08-27 00:00:00-04:00,224.31844891527626,227.14724957253156,223.21670725505913,226.33334350585938,35934600
2024-08-28 00:00:00-04:00,226.22416240429726,228.149730282918,224.00082364270057,224.8048095703125,38052200
2024-08-29 00:00:00-04:00,228.3879521456165,231.18696212304621,227.1770283167567,228.0802459716797,51906300
2024-08-30 00:00:00-04:00,228.4772755570311,228.68570457235603,225.78743262658827,227.29612731933594,52990800
2024-09-03 00:00:00-04:00,226.84948058831634,227.2961293418145,219.52438650802387,221.11248779296875,50190600
2024-09-04 00:00:00-04:00,220.01074262314262,220.12984491677884,215.86183603349318,219.20677185058594,43840200
2024-09-05 00:00:00-04:00,219.9809527371486,223.80229748015876,219.87177059333374,220.72537231445312,36615400
2024-09-06 00:00:00-04:00,222.2837029728863,223.56411324365834,218.13481142105056,219.177001953125,48423000
2024-09-09 00:00:00-04:00,219.17700018247805,219.6236489368284,215.09757995493325,219.26632690429688,67180000
2024-09-10 00:00:00-04:00,217.29114171411052,219.83209181891954,215.11743380788891,218.4722900390625,51591000
2024-09-11 00:00:00-04:00,219.81222755985956,221.43008920211523,216.26878297144034,221.0032958984375,44587100
2024-09-12 00:00:00-04:00,220.84449248276735,221.8866830044339,218.1844402475294,221.11248779296875,37455600
2024-09-13 00:00:00-04:00,221.91644846858938,222.37301734416337,220.25887596851652,220.844482421875,36766600
2024-09-16 00:00:00-04:00,214.92884416844979,215.60379255643394,212.32834292284386,214.7104949951172,59357400
2024-09-17 00:00:00-04:00,214.14470101422842,215.2861383219032,212.90400170360138,215.1769561767578,45519300
2024-09-18 00:00:00-04:00,215.931307109631,221.05291740528648,215.92137182236397,219.04794311523438,59894900
2024-09-19 00:00:00-04:00,223.31596324984213,228.11002736409566,222.95864123060412,227.16708374023438,66781300
2024-09-20 00:00:00-04:00,228.25889437635817,231.35567496568984,225.9263736470506,226.50205993652344,318679900
2024-09-23 00:00:00-04:00,225.64846451262724,227.742765583781,224.12984974700805,224.78494262695312,54146000
2024-09-24 00:00:00-04:00,226.94872814757065,227.64353192764617,224.05045616714196,225.67825317382812,43556100
2024-09-25 00:00:00-04:00,223.25642645588798,225.59886774810047,222.35320871856098,224.6857147216797,42308700
2024-09-26 00:00:00-04:00,225.608784129346,226.79985253593196,223.73284722402752,225.8271484375,36636700
2024-09-27 00:00:00-04:00,226.76013618443497,227.81224676693589,225.60876359989413,226.09510803222656,34026000
2024-09-30 00:00:00-04:00,228.3283747151782,231.266357421875,227.9412771261621,231.266357421875,54541900
2024-10-01 00:00:00-04:00,227.81227091446172,227.94129335648356,222.0752779583648,224.5269012451172,63285000
2024-10-02 00:00:00-04:00,224.2092739820147,225.67825786117984,221.36063294746157,225.0926513671875,32880600
2024-10-03 00:00:00-04:00,223.46483520314058,225.12240767637772,221.65838486968212,223.9908905029297,34044200
2024-10-04 00:00:00-04:00,226.20430944090455,226.30357145139808,222.46237094034984,225.1125030517578,37245100
2024-10-07 00:00:00-04:00,222.8296017820206,224.01074997862722,219.68319006872073,220.04051208496094,39505400
2024-10-08 00:00:00-04:00,222.63110049734397,224.298593199742,221.58890998571715,224.0901641845703,31855700
2024-10-09 00:00:00-04:00,223.55414845411647,228.04052116337735,223.157130753936,227.8320770263672,33591100
2024-10-10 00:00:00-04:00,226.0851959438118,227.7923994519787,225.47973405841245,227.3358154296875,28183500
2024-10-11 00:00:00-04:00,227.5939128444124,227.70309500312143,225.64848941975737,225.85693359375,31759200
2024-10-14 00:00:00-04:00,226.99836439928595,230.00581860221664,226.89911753216435,229.5790252685547,39882100
2024-10-15 00:00:00-04:00,231.8718418962686,235.7229778767219,230.64106257641825,232.1100616455078,64751400
2024-10-16 00:00:00-04:00,229.87678174389526,230.3929017691756,228.12986736523644,230.05543518066406,34082200
2024-10-17 00:00:00-04:00,231.69315867439417,232.11004699556463,228.8048220166126,230.4226837158203,32993800
2024-10-18 00:00:00-04:00,234.4226930307779,234.4226930307779,232.26884075534687,233.25148010253906,46431500
2024-10-21 00:00:00-04:00,232.7055644739604,235.08771628667242,232.7055644739604,234.720458984375,36254500
2024-10-22 00:00:00-04:00,232.14971356587586,234.4623787465114,230.86931862526646,234.1050567626953,38846600
2024-10-23 00:00:00-04:00,232.33831918874512,233.3904297884605,226.06533615950997,229.0430145263672,52287000
2024-10-24 00:00:00-04:00,228.26884002769643,229.10260155629064,226.710529416834,228.85446166992188,31109500
2024-10-25 00:00:00-04:00,228.03062932515897,231.484732210271,227.86189602437614,229.68820190429688,38802300
2024-10-28 00:00:00-04:00,231.5839844241638,232.98348177622344,230.81970938626554,231.6633758544922,36087100
2024-10-29 00:00:00-04:00,231.36563017470797,232.5864741436605,230.59143496071306,231.93138122558594,35417200
2024-10-30 00:00:00-04:00,230.87925826342104,231.7328600109945,227.8420287171323,228.387939453125,47070900
2024-10-31 00:00:00-04:00,227.63359787833264,228.11995749798112,223.69313535160188,224.2291259765625,64370100
2024-11-01 00:00:00-04:00,219.32588166379162,223.67329727363756,218.63109301833273,221.25144958496094,65276700
2024-11-04 00:00:00-05:00,219.34573920720757,221.13233427123137,218.07526420177624,220.35813903808594,44944500
2024-11-05 00:00:00-05:00,220.14969745378525,222.28369429475046,219.49460455688452,221.78741455078125,28111300
2024-11-06 00:00:00-05:00,220.95366880237512,224.387931303672,219.54423614319148,221.06285095214844,54561100
2024-11-07 00:00:00-05:00,222.95864433437472,226.18446269494834,222.89909318788202,225.7874298095703,42137700
2024-11-08 00:00:00-05:00,225.72780810336752,227.20835428792034,224.9726384261151,225.51914978027344,38328800
2024-11-11 00:00:00-05:00,223.5715733715174,224.26712634517858,220.0937933412938,222.80645751953125,42005600
2024-11-12 00:00:00-05:00,223.1244332571579,224.15782408060912,221.94198562097503,222.80645751953125,40398300
2024-11-13 00:00:00-05:00,222.58787261698694,225.2111120360391,221.34580821096,223.69082641601562,48566200
2024-11-14 00:00:00-05:00,223.59146688403666,227.41701609796436,223.57158960851197,226.77114868164062,44923900
2024-11-15 00:00:00-05:00,224.96268496170848,225.4793879673537,222.84621765747355,223.5715789794922,47923700
2024-11-18 00:00:00-05:00,223.8199993254601,228.28149999782985,223.74050538640262,226.57241821289062,44633700
2024-11-19 00:00:00-05:00,225.53901477922054,228.6988344551977,225.22105418122663,226.8307647705078,36211800
2024-11-20 00:00:00-05:00,226.61216873586113,228.4702922716314,224.45594670445817,227.54620361328125,35169600
2024-11-21 00:00:00-05:00,227.42695953023323,228.69883223369175,224.2770861035494,227.06924438476562,42108300
2024-11-22 00:00:00-05:00,226.6121530455377,229.25526960886552,226.6121530455377,228.41065979003906,38168300
2024-11-25 00:00:00-05:00,229.99059491471002,231.76922452168117,228.2815130321861,231.39163208007812,90152800
2024-11-26 00:00:00-05:00,231.84870566104107,234.07449047305911,231.84870566104107,233.56771850585938,45986200
2024-11-27 00:00:00-05:00,232.9814664022851,234.1937224347506,232.32565277909848,233.43853759765625,33498400
2024-11-29 00:00:00-05:00,233.3192972938568,236.3002516789311,232.48463370489634,235.82330322265625,28481400
2024-12-02 00:00:00-05:00,235.76370602927642,239.26134854667043,235.65440375298792,238.0689697265625,48137100
2024-12-03 00:00:00-05:00,238.2875760799829,241.21884512379424,237.38334952948236,241.1095428466797,38861000
2024-12-04 00:00:00-05:00,241.32812877991805,242.5602620666903,239.71841824290905,241.4672393798828,44383900
2024-12-05 00:00:00-05:00,242.44105143123323,242.98754766386446,240.59285890906452,241.4970703125,40033900
2024-12-06 00:00:00-05:00,241.36788746709487,243.0769692456264,240.5431549096241,241.29832458496094,36870600
2024-12-09 00:00:00-05:00,240.29473874492055,245.67039687977774,240.21524480725012,245.18350219726562,44649200
2024-12-10 00:00:00-05:00,245.32260336553807,246.63423054379348,243.78244060146582,246.197021484375,36914800
2024-12-11 00:00:00-05:00,246.3858398593606,249.20780656351602,244.69662013013263,244.9251708984375,45205800
2024-12-12 00:00:00-05:00,245.32260415969785,247.1608653940442,244.1202792424049,246.3858184814453,32777500
2024-12-13 00:00:00-05:00,246.24671899982582,247.70737273801882,244.67674782957272,246.55474853515625,33155300
2024-12-16 00:00:00-05:00,246.4156487620838,249.7841268474892,246.07779571830554,249.44627380371094,51694800
2024-12-17 00:00:00-05:00,248.49234928857376,252.2185421189052,248.19425082976375,251.87075805664062,51356400
2024-12-18 00:00:00-05:00,250.55918941684527,252.66572594292316,246.16725119368886,246.47528076171875,56774100
2024-12-19 00:00:00-05:00,245.92875304737495,250.4001849209636,245.52135228225407,248.20420837402344,60882300
2024-12-20 00:00:00-05:00,246.4653249902114,253.3811464831127,244.13025293349912,252.8743896484375,147495300
2024-12-23 00:00:00-05:00,253.15258832932108,254.02699130961165,251.84096111600803,253.6494140625,40858800
2024-12-24 00:00:00-05:00,253.86804957710976,256.5707679464462,253.6693071300515,256.56085205078125,23234700
2024-12-26 00:00:00-05:00,256.55086249805703,258.44874034869076,255.99442012888886,257.3755798339844,27237100
2024-12-27 00:00:00-05:00,256.19314630806485,257.05764856283577,251.45343969164696,253.96737670898438,42355300
2024-12-30 00:00:00-05:00,250.6287005424076,251.8906421270002,249.15810064436016,250.59889221191406,35557500
